Heart Rate,Feature_1,Feature_2,State
62,0.62,1.24,0
135,1.35,2.7,1
108,1.08,2.16,1
79,0.79,1.58,0
109,1.09,2.18,1
75,0.75,1.5,0
133,1.33,2.66,1
74,0.74,1.48,0
65,0.65,1.3,0
62,0.62,1.24,0
115,1.1500000000000001,2.3000000000000003,1
117,1.17,2.34,1
108,1.08,2.16,1
118,1.18,2.36,1
79,0.79,1.58,0
116,1.16,2.32,1
133,1.33,2.66,1
131,1.31,2.62,1
64,0.64,1.28,0
80,0.8,1.6,0
76,0.76,1.52,0
128,1.28,2.56,1
61,0.61,1.22,0
106,1.06,2.12,1
138,1.3800000000000001,2.7600000000000002,1
73,0.73,1.46,0
70,0.7000000000000001,1.4000000000000001,0
71,0.71,1.42,0
103,1.03,2.06,1
60,0.6,1.2,0
76,0.76,1.52,0
105,1.05,2.1,1
102,1.02,2.04,1
116,1.16,2.32,1
123,1.23,2.46,1
60,0.6,1.2,0
71,0.71,1.42,0
66,0.66,1.32,0
130,1.3,2.6,1
77,0.77,1.54,0
131,1.31,2.62,1
64,0.64,1.28,0
140,1.4000000000000001,2.8000000000000003,1
102,1.02,2.04,1
68,0.68,1.36,0
77,0.77,1.54,0
118,1.18,2.36,1
111,1.11,2.22,1
138,1.3800000000000001,2.7600000000000002,1
126,1.26,2.52,1
114,1.1400000000000001,2.2800000000000002,1
66,0.66,1.32,0
130,1.3,2.6,1
62,0.62,1.24,0
120,1.2,2.4,1
78,0.78,1.56,0
76,0.76,1.52,0
106,1.06,2.12,1
108,1.08,2.16,1
119,1.19,2.38,1
66,0.66,1.32,0
69,0.6900000000000001,1.3800000000000001,0
73,0.73,1.46,0
132,1.32,2.64,1
61,0.61,1.22,0
105,1.05,2.1,1
119,1.19,2.38,1
116,1.16,2.32,1
106,1.06,2.12,1
124,1.24,2.48,1
136,1.36,2.72,1
129,1.29,2.58,1
100,1.0,2.0,1
125,1.25,2.5,1
109,1.09,2.18,1
73,0.73,1.46,0
73,0.73,1.46,0
134,1.34,2.68,1
127,1.27,2.54,1
107,1.07,2.14,1
64,0.64,1.28,0
134,1.34,2.68,1
108,1.08,2.16,1
76,0.76,1.52,0
131,1.31,2.62,1
140,1.4000000000000001,2.8000000000000003,1
61,0.61,1.22,0
78,0.78,1.56,0
64,0.64,1.28,0
61,0.61,1.22,0
134,1.34,2.68,1
100,1.0,2.0,1
117,1.17,2.34,1
122,1.22,2.44,1
77,0.77,1.54,0
64,0.64,1.28,0
119,1.19,2.38,1
60,0.6,1.2,0
73,0.73,1.46,0
129,1.29,2.58,1
62,0.62,1.24,0
73,0.73,1.46,0
76,0.76,1.52,0
125,1.25,2.5,1
68,0.68,1.36,0
63,0.63,1.26,0
127,1.27,2.54,1
76,0.76,1.52,0
137,1.37,2.74,1
78,0.78,1.56,0
104,1.04,2.08,1
63,0.63,1.26,0
140,1.4000000000000001,2.8000000000000003,1
76,0.76,1.52,0
129,1.29,2.58,1
76,0.76,1.52,0
124,1.24,2.48,1
139,1.3900000000000001,2.7800000000000002,1
114,1.1400000000000001,2.2800000000000002,1
77,0.77,1.54,0
75,0.75,1.5,0
124,1.24,2.48,1
71,0.71,1.42,0
64,0.64,1.28,0
61,0.61,1.22,0
132,1.32,2.64,1
136,1.36,2.72,1
70,0.7000000000000001,1.4000000000000001,0
63,0.63,1.26,0
68,0.68,1.36,0
67,0.67,1.34,0
115,1.1500000000000001,2.3000000000000003,1
71,0.71,1.42,0
136,1.36,2.72,1
68,0.68,1.36,0
64,0.64,1.28,0
115,1.1500000000000001,2.3000000000000003,1
102,1.02,2.04,1
137,1.37,2.74,1
65,0.65,1.3,0
71,0.71,1.42,0
64,0.64,1.28,0
75,0.75,1.5,0
76,0.76,1.52,0
123,1.23,2.46,1
101,1.01,2.02,1
74,0.74,1.48,0
111,1.11,2.22,1
115,1.1500000000000001,2.3000000000000003,1
65,0.65,1.3,0
119,1.19,2.38,1
111,1.11,2.22,1
60,0.6,1.2,0
138,1.3800000000000001,2.7600000000000002,1
107,1.07,2.14,1
71,0.71,1.42,0
117,1.17,2.34,1
70,0.7000000000000001,1.4000000000000001,0
68,0.68,1.36,0
113,1.1300000000000001,2.2600000000000002,1
67,0.67,1.34,0
71,0.71,1.42,0
78,0.78,1.56,0
80,0.8,1.6,0
106,1.06,2.12,1
109,1.09,2.18,1
61,0.61,1.22,0
124,1.24,2.48,1
72,0.72,1.44,0
61,0.61,1.22,0
80,0.8,1.6,0
70,0.7000000000000001,1.4000000000000001,0
71,0.71,1.42,0
127,1.27,2.54,1
113,1.1300000000000001,2.2600000000000002,1
134,1.34,2.68,1
118,1.18,2.36,1
113,1.1300000000000001,2.2600000000000002,1
109,1.09,2.18,1
111,1.11,2.22,1
65,0.65,1.3,0
137,1.37,2.74,1
127,1.27,2.54,1
75,0.75,1.5,0
62,0.62,1.24,0
72,0.72,1.44,0
69,0.6900000000000001,1.3800000000000001,0
110,1.1,2.2,1
123,1.23,2.46,1
121,1.21,2.42,1
62,0.62,1.24,0
68,0.68,1.36,0
74,0.74,1.48,0
73,0.73,1.46,0
100,1.0,2.0,1
65,0.65,1.3,0
67,0.67,1.34,0
61,0.61,1.22,0
117,1.17,2.34,1
121,1.21,2.42,1
116,1.16,2.32,1
124,1.24,2.48,1
72,0.72,1.44,0
62,0.62,1.24,0
125,1.25,2.5,1
67,0.67,1.34,0
69,0.6900000000000001,1.3800000000000001,0
75,0.75,1.5,0
61,0.61,1.22,0
62,0.62,1.24,0
73,0.73,1.46,0
72,0.72,1.44,0
130,1.3,2.6,1
115,1.1500000000000001,2.3000000000000003,1
67,0.67,1.34,0
73,0.73,1.46,0
80,0.8,1.6,0
134,1.34,2.68,1
62,0.62,1.24,0
80,0.8,1.6,0
79,0.79,1.58,0
116,1.16,2.32,1
73,0.73,1.46,0
73,0.73,1.46,0
127,1.27,2.54,1
136,1.36,2.72,1
77,0.77,1.54,0
66,0.66,1.32,0
101,1.01,2.02,1
134,1.34,2.68,1
69,0.6900000000000001,1.3800000000000001,0
131,1.31,2.62,1
140,1.4000000000000001,2.8000000000000003,1
117,1.17,2.34,1
118,1.18,2.36,1
72,0.72,1.44,0
68,0.68,1.36,0
125,1.25,2.5,1
60,0.6,1.2,0
80,0.8,1.6,0
74,0.74,1.48,0
109,1.09,2.18,1
73,0.73,1.46,0
63,0.63,1.26,0
129,1.29,2.58,1
63,0.63,1.26,0
71,0.71,1.42,0
62,0.62,1.24,0
62,0.62,1.24,0
135,1.35,2.7,1
66,0.66,1.32,0
130,1.3,2.6,1
71,0.71,1.42,0
72,0.72,1.44,0
124,1.24,2.48,1
135,1.35,2.7,1
140,1.4000000000000001,2.8000000000000003,1
132,1.32,2.64,1
133,1.33,2.66,1
69,0.6900000000000001,1.3800000000000001,0
80,0.8,1.6,0
70,0.7000000000000001,1.4000000000000001,0
71,0.71,1.42,0
111,1.11,2.22,1
114,1.1400000000000001,2.2800000000000002,1
71,0.71,1.42,0
126,1.26,2.52,1
117,1.17,2.34,1
63,0.63,1.26,0
69,0.6900000000000001,1.3800000000000001,0
68,0.68,1.36,0
140,1.4000000000000001,2.8000000000000003,1
64,0.64,1.28,0
136,1.36,2.72,1
67,0.67,1.34,0
73,0.73,1.46,0
139,1.3900000000000001,2.7800000000000002,1
72,0.72,1.44,0
74,0.74,1.48,0
112,1.12,2.24,1
122,1.22,2.44,1
123,1.23,2.46,1
105,1.05,2.1,1
120,1.2,2.4,1
120,1.2,2.4,1
114,1.1400000000000001,2.2800000000000002,1
66,0.66,1.32,0
73,0.73,1.46,0
133,1.33,2.66,1
80,0.8,1.6,0
105,1.05,2.1,1
104,1.04,2.08,1
77,0.77,1.54,0
129,1.29,2.58,1
136,1.36,2.72,1
70,0.7000000000000001,1.4000000000000001,0
126,1.26,2.52,1
120,1.2,2.4,1
75,0.75,1.5,0
139,1.3900000000000001,2.7800000000000002,1
61,0.61,1.22,0
72,0.72,1.44,0
75,0.75,1.5,0
138,1.3800000000000001,2.7600000000000002,1
138,1.3800000000000001,2.7600000000000002,1
71,0.71,1.42,0
127,1.27,2.54,1
60,0.6,1.2,0
115,1.1500000000000001,2.3000000000000003,1
79,0.79,1.58,0
63,0.63,1.26,0
66,0.66,1.32,0
77,0.77,1.54,0
80,0.8,1.6,0
114,1.1400000000000001,2.2800000000000002,1
122,1.22,2.44,1
80,0.8,1.6,0
113,1.1300000000000001,2.2600000000000002,1
109,1.09,2.18,1
60,0.6,1.2,0
119,1.19,2.38,1
76,0.76,1.52,0
122,1.22,2.44,1
131,1.31,2.62,1
132,1.32,2.64,1
68,0.68,1.36,0
115,1.1500000000000001,2.3000000000000003,1
69,0.6900000000000001,1.3800000000000001,0
134,1.34,2.68,1
66,0.66,1.32,0
71,0.71,1.42,0
62,0.62,1.24,0
108,1.08,2.16,1
66,0.66,1.32,0
120,1.2,2.4,1
68,0.68,1.36,0
107,1.07,2.14,1
137,1.37,2.74,1
74,0.74,1.48,0
61,0.61,1.22,0
125,1.25,2.5,1
106,1.06,2.12,1
100,1.0,2.0,1
123,1.23,2.46,1
135,1.35,2.7,1
62,0.62,1.24,0
67,0.67,1.34,0
65,0.65,1.3,0
121,1.21,2.42,1
120,1.2,2.4,1
130,1.3,2.6,1
105,1.05,2.1,1
72,0.72,1.44,0
111,1.11,2.22,1
80,0.8,1.6,0
139,1.3900000000000001,2.7800000000000002,1
64,0.64,1.28,0
111,1.11,2.22,1
69,0.6900000000000001,1.3800000000000001,0
72,0.72,1.44,0
127,1.27,2.54,1
73,0.73,1.46,0
118,1.18,2.36,1
101,1.01,2.02,1
122,1.22,2.44,1
125,1.25,2.5,1
105,1.05,2.1,1
72,0.72,1.44,0
78,0.78,1.56,0
129,1.29,2.58,1
132,1.32,2.64,1
121,1.21,2.42,1
118,1.18,2.36,1
75,0.75,1.5,0
61,0.61,1.22,0
109,1.09,2.18,1
79,0.79,1.58,0
67,0.67,1.34,0
71,0.71,1.42,0
107,1.07,2.14,1
79,0.79,1.58,0
118,1.18,2.36,1
66,0.66,1.32,0
71,0.71,1.42,0
79,0.79,1.58,0
77,0.77,1.54,0
137,1.37,2.74,1
130,1.3,2.6,1
66,0.66,1.32,0
66,0.66,1.32,0
121,1.21,2.42,1
133,1.33,2.66,1
101,1.01,2.02,1
109,1.09,2.18,1
63,0.63,1.26,0
105,1.05,2.1,1
68,0.68,1.36,0
62,0.62,1.24,0
121,1.21,2.42,1
131,1.31,2.62,1
135,1.35,2.7,1
126,1.26,2.52,1
119,1.19,2.38,1
79,0.79,1.58,0
123,1.23,2.46,1
118,1.18,2.36,1
77,0.77,1.54,0
69,0.6900000000000001,1.3800000000000001,0
100,1.0,2.0,1
110,1.1,2.2,1
119,1.19,2.38,1
101,1.01,2.02,1
122,1.22,2.44,1
76,0.76,1.52,0
136,1.36,2.72,1
65,0.65,1.3,0
76,0.76,1.52,0
63,0.63,1.26,0
114,1.1400000000000001,2.2800000000000002,1
67,0.67,1.34,0
63,0.63,1.26,0
109,1.09,2.18,1
111,1.11,2.22,1
126,1.26,2.52,1
114,1.1400000000000001,2.2800000000000002,1
64,0.64,1.28,0
76,0.76,1.52,0
64,0.64,1.28,0
75,0.75,1.5,0
139,1.3900000000000001,2.7800000000000002,1
110,1.1,2.2,1
71,0.71,1.42,0
108,1.08,2.16,1
68,0.68,1.36,0
119,1.19,2.38,1
62,0.62,1.24,0
74,0.74,1.48,0
106,1.06,2.12,1
116,1.16,2.32,1
110,1.1,2.2,1
68,0.68,1.36,0
137,1.37,2.74,1
61,0.61,1.22,0
105,1.05,2.1,1
116,1.16,2.32,1
79,0.79,1.58,0
105,1.05,2.1,1
67,0.67,1.34,0
101,1.01,2.02,1
75,0.75,1.5,0
127,1.27,2.54,1
130,1.3,2.6,1
109,1.09,2.18,1
127,1.27,2.54,1
71,0.71,1.42,0
113,1.1300000000000001,2.2600000000000002,1
69,0.6900000000000001,1.3800000000000001,0
134,1.34,2.68,1
119,1.19,2.38,1
140,1.4000000000000001,2.8000000000000003,1
120,1.2,2.4,1
129,1.29,2.58,1
65,0.65,1.3,0
76,0.76,1.52,0
121,1.21,2.42,1
127,1.27,2.54,1
70,0.7000000000000001,1.4000000000000001,0
67,0.67,1.34,0
130,1.3,2.6,1
139,1.3900000000000001,2.7800000000000002,1
106,1.06,2.12,1
136,1.36,2.72,1
118,1.18,2.36,1
120,1.2,2.4,1
114,1.1400000000000001,2.2800000000000002,1
140,1.4000000000000001,2.8000000000000003,1
108,1.08,2.16,1
112,1.12,2.24,1
122,1.22,2.44,1
100,1.0,2.0,1
138,1.3800000000000001,2.7600000000000002,1
136,1.36,2.72,1
133,1.33,2.66,1
133,1.33,2.66,1
128,1.28,2.56,1
74,0.74,1.48,0
73,0.73,1.46,0
121,1.21,2.42,1
68,0.68,1.36,0
129,1.29,2.58,1
125,1.25,2.5,1
112,1.12,2.24,1
122,1.22,2.44,1
115,1.1500000000000001,2.3000000000000003,1
64,0.64,1.28,0
109,1.09,2.18,1
61,0.61,1.22,0
109,1.09,2.18,1
75,0.75,1.5,0
79,0.79,1.58,0
118,1.18,2.36,1
73,0.73,1.46,0
75,0.75,1.5,0
65,0.65,1.3,0
71,0.71,1.42,0
76,0.76,1.52,0
66,0.66,1.32,0
134,1.34,2.68,1
117,1.17,2.34,1
116,1.16,2.32,1
72,0.72,1.44,0
69,0.6900000000000001,1.3800000000000001,0
116,1.16,2.32,1
77,0.77,1.54,0
71,0.71,1.42,0
102,1.02,2.04,1
133,1.33,2.66,1
77,0.77,1.54,0
66,0.66,1.32,0
74,0.74,1.48,0
135,1.35,2.7,1
116,1.16,2.32,1
102,1.02,2.04,1
137,1.37,2.74,1
129,1.29,2.58,1
114,1.1400000000000001,2.2800000000000002,1
119,1.19,2.38,1
138,1.3800000000000001,2.7600000000000002,1
127,1.27,2.54,1
66,0.66,1.32,0
102,1.02,2.04,1
100,1.0,2.0,1
137,1.37,2.74,1
80,0.8,1.6,0
101,1.01,2.02,1
68,0.68,1.36,0
68,0.68,1.36,0
104,1.04,2.08,1
64,0.64,1.28,0
114,1.1400000000000001,2.2800000000000002,1
62,0.62,1.24,0
108,1.08,2.16,1
77,0.77,1.54,0
76,0.76,1.52,0
66,0.66,1.32,0
136,1.36,2.72,1
78,0.78,1.56,0
79,0.79,1.58,0
128,1.28,2.56,1
125,1.25,2.5,1
138,1.3800000000000001,2.7600000000000002,1
61,0.61,1.22,0
129,1.29,2.58,1
124,1.24,2.48,1
136,1.36,2.72,1
70,0.7000000000000001,1.4000000000000001,0
102,1.02,2.04,1
70,0.7000000000000001,1.4000000000000001,0
113,1.1300000000000001,2.2600000000000002,1
134,1.34,2.68,1
132,1.32,2.64,1
140,1.4000000000000001,2.8000000000000003,1
64,0.64,1.28,0
61,0.61,1.22,0
63,0.63,1.26,0
104,1.04,2.08,1
114,1.1400000000000001,2.2800000000000002,1
65,0.65,1.3,0
62,0.62,1.24,0
77,0.77,1.54,0
103,1.03,2.06,1
127,1.27,2.54,1
130,1.3,2.6,1
68,0.68,1.36,0
138,1.3800000000000001,2.7600000000000002,1
140,1.4000000000000001,2.8000000000000003,1
79,0.79,1.58,0
139,1.3900000000000001,2.7800000000000002,1
79,0.79,1.58,0
80,0.8,1.6,0
74,0.74,1.48,0
120,1.2,2.4,1
80,0.8,1.6,0
67,0.67,1.34,0
125,1.25,2.5,1
60,0.6,1.2,0
62,0.62,1.24,0
70,0.7000000000000001,1.4000000000000001,0
133,1.33,2.66,1
65,0.65,1.3,0
124,1.24,2.48,1
132,1.32,2.64,1
63,0.63,1.26,0
78,0.78,1.56,0
127,1.27,2.54,1
79,0.79,1.58,0
61,0.61,1.22,0
123,1.23,2.46,1
65,0.65,1.3,0
134,1.34,2.68,1
60,0.6,1.2,0
80,0.8,1.6,0
73,0.73,1.46,0
63,0.63,1.26,0
114,1.1400000000000001,2.2800000000000002,1
101,1.01,2.02,1
104,1.04,2.08,1
114,1.1400000000000001,2.2800000000000002,1
79,0.79,1.58,0
66,0.66,1.32,0
116,1.16,2.32,1
75,0.75,1.5,0
79,0.79,1.58,0
103,1.03,2.06,1
74,0.74,1.48,0
77,0.77,1.54,0
107,1.07,2.14,1
63,0.63,1.26,0
80,0.8,1.6,0
136,1.36,2.72,1
120,1.2,2.4,1
78,0.78,1.56,0
78,0.78,1.56,0
70,0.7000000000000001,1.4000000000000001,0
118,1.18,2.36,1
109,1.09,2.18,1
64,0.64,1.28,0
67,0.67,1.34,0
66,0.66,1.32,0
64,0.64,1.28,0
113,1.1300000000000001,2.2600000000000002,1
60,0.6,1.2,0
64,0.64,1.28,0
127,1.27,2.54,1
69,0.6900000000000001,1.3800000000000001,0
75,0.75,1.5,0
117,1.17,2.34,1
78,0.78,1.56,0
126,1.26,2.52,1
114,1.1400000000000001,2.2800000000000002,1
70,0.7000000000000001,1.4000000000000001,0
130,1.3,2.6,1
74,0.74,1.48,0
102,1.02,2.04,1
111,1.11,2.22,1
106,1.06,2.12,1
66,0.66,1.32,0
100,1.0,2.0,1
66,0.66,1.32,0
80,0.8,1.6,0
140,1.4000000000000001,2.8000000000000003,1
126,1.26,2.52,1
102,1.02,2.04,1
67,0.67,1.34,0
114,1.1400000000000001,2.2800000000000002,1
138,1.3800000000000001,2.7600000000000002,1
124,1.24,2.48,1
64,0.64,1.28,0
113,1.1300000000000001,2.2600000000000002,1
113,1.1300000000000001,2.2600000000000002,1
63,0.63,1.26,0
140,1.4000000000000001,2.8000000000000003,1
68,0.68,1.36,0
61,0.61,1.22,0
121,1.21,2.42,1
111,1.11,2.22,1
76,0.76,1.52,0
66,0.66,1.32,0
65,0.65,1.3,0
120,1.2,2.4,1
117,1.17,2.34,1
73,0.73,1.46,0
80,0.8,1.6,0
109,1.09,2.18,1
65,0.65,1.3,0
65,0.65,1.3,0
66,0.66,1.32,0
140,1.4000000000000001,2.8000000000000003,1
60,0.6,1.2,0
62,0.62,1.24,0
100,1.0,2.0,1
117,1.17,2.34,1
79,0.79,1.58,0
68,0.68,1.36,0
126,1.26,2.52,1
128,1.28,2.56,1
137,1.37,2.74,1
65,0.65,1.3,0
72,0.72,1.44,0
72,0.72,1.44,0
64,0.64,1.28,0
68,0.68,1.36,0
75,0.75,1.5,0
133,1.33,2.66,1
123,1.23,2.46,1
128,1.28,2.56,1
115,1.1500000000000001,2.3000000000000003,1
60,0.6,1.2,0
65,0.65,1.3,0
120,1.2,2.4,1
113,1.1300000000000001,2.2600000000000002,1
80,0.8,1.6,0
108,1.08,2.16,1
106,1.06,2.12,1
68,0.68,1.36,0
69,0.6900000000000001,1.3800000000000001,0
132,1.32,2.64,1
105,1.05,2.1,1
111,1.11,2.22,1
131,1.31,2.62,1
77,0.77,1.54,0
125,1.25,2.5,1
80,0.8,1.6,0
77,0.77,1.54,0
74,0.74,1.48,0
61,0.61,1.22,0
65,0.65,1.3,0
64,0.64,1.28,0
116,1.16,2.32,1
76,0.76,1.52,0
73,0.73,1.46,0
66,0.66,1.32,0
115,1.1500000000000001,2.3000000000000003,1
102,1.02,2.04,1
66,0.66,1.32,0
68,0.68,1.36,0
136,1.36,2.72,1
106,1.06,2.12,1
119,1.19,2.38,1
60,0.6,1.2,0
123,1.23,2.46,1
103,1.03,2.06,1
60,0.6,1.2,0
108,1.08,2.16,1
74,0.74,1.48,0
74,0.74,1.48,0
106,1.06,2.12,1
123,1.23,2.46,1
113,1.1300000000000001,2.2600000000000002,1
116,1.16,2.32,1
79,0.79,1.58,0
112,1.12,2.24,1
111,1.11,2.22,1
129,1.29,2.58,1
111,1.11,2.22,1
114,1.1400000000000001,2.2800000000000002,1
121,1.21,2.42,1
137,1.37,2.74,1
125,1.25,2.5,1
62,0.62,1.24,0
66,0.66,1.32,0
79,0.79,1.58,0
137,1.37,2.74,1
68,0.68,1.36,0
60,0.6,1.2,0
64,0.64,1.28,0
69,0.6900000000000001,1.3800000000000001,0
128,1.28,2.56,1
117,1.17,2.34,1
66,0.66,1.32,0
137,1.37,2.74,1
113,1.1300000000000001,2.2600000000000002,1
118,1.18,2.36,1
78,0.78,1.56,0
135,1.35,2.7,1
63,0.63,1.26,0
62,0.62,1.24,0
119,1.19,2.38,1
120,1.2,2.4,1
127,1.27,2.54,1
113,1.1300000000000001,2.2600000000000002,1
73,0.73,1.46,0
68,0.68,1.36,0
118,1.18,2.36,1
77,0.77,1.54,0
139,1.3900000000000001,2.7800000000000002,1
125,1.25,2.5,1
60,0.6,1.2,0
67,0.67,1.34,0
69,0.6900000000000001,1.3800000000000001,0
63,0.63,1.26,0
103,1.03,2.06,1
111,1.11,2.22,1
126,1.26,2.52,1
77,0.77,1.54,0
74,0.74,1.48,0
106,1.06,2.12,1
77,0.77,1.54,0
79,0.79,1.58,0
68,0.68,1.36,0
129,1.29,2.58,1
65,0.65,1.3,0
122,1.22,2.44,1
62,0.62,1.24,0
101,1.01,2.02,1
74,0.74,1.48,0
78,0.78,1.56,0
138,1.3800000000000001,2.7600000000000002,1
105,1.05,2.1,1
60,0.6,1.2,0
79,0.79,1.58,0
137,1.37,2.74,1
107,1.07,2.14,1
130,1.3,2.6,1
62,0.62,1.24,0
114,1.1400000000000001,2.2800000000000002,1
101,1.01,2.02,1
124,1.24,2.48,1
66,0.66,1.32,0
140,1.4000000000000001,2.8000000000000003,1
73,0.73,1.46,0
61,0.61,1.22,0
139,1.3900000000000001,2.7800000000000002,1
73,0.73,1.46,0
130,1.3,2.6,1
132,1.32,2.64,1
105,1.05,2.1,1
103,1.03,2.06,1
125,1.25,2.5,1
62,0.62,1.24,0
117,1.17,2.34,1
79,0.79,1.58,0
100,1.0,2.0,1
119,1.19,2.38,1
101,1.01,2.02,1
136,1.36,2.72,1
72,0.72,1.44,0
112,1.12,2.24,1
60,0.6,1.2,0
79,0.79,1.58,0
75,0.75,1.5,0
107,1.07,2.14,1
109,1.09,2.18,1
115,1.1500000000000001,2.3000000000000003,1
76,0.76,1.52,0
135,1.35,2.7,1
111,1.11,2.22,1
111,1.11,2.22,1
113,1.1300000000000001,2.2600000000000002,1
118,1.18,2.36,1
75,0.75,1.5,0
139,1.3900000000000001,2.7800000000000002,1
75,0.75,1.5,0
76,0.76,1.52,0
76,0.76,1.52,0
60,0.6,1.2,0
70,0.7000000000000001,1.4000000000000001,0
78,0.78,1.56,0
104,1.04,2.08,1
115,1.1500000000000001,2.3000000000000003,1
128,1.28,2.56,1
69,0.6900000000000001,1.3800000000000001,0
129,1.29,2.58,1
66,0.66,1.32,0
120,1.2,2.4,1
128,1.28,2.56,1
139,1.3900000000000001,2.7800000000000002,1
112,1.12,2.24,1
71,0.71,1.42,0
109,1.09,2.18,1
64,0.64,1.28,0
100,1.0,2.0,1
65,0.65,1.3,0
110,1.1,2.2,1
119,1.19,2.38,1
135,1.35,2.7,1
78,0.78,1.56,0
118,1.18,2.36,1
80,0.8,1.6,0
137,1.37,2.74,1
64,0.64,1.28,0
79,0.79,1.58,0
72,0.72,1.44,0
115,1.1500000000000001,2.3000000000000003,1
76,0.76,1.52,0
67,0.67,1.34,0
122,1.22,2.44,1
138,1.3800000000000001,2.7600000000000002,1
131,1.31,2.62,1
70,0.7000000000000001,1.4000000000000001,0
60,0.6,1.2,0
76,0.76,1.52,0
138,1.3800000000000001,2.7600000000000002,1
105,1.05,2.1,1
75,0.75,1.5,0
74,0.74,1.48,0
119,1.19,2.38,1
119,1.19,2.38,1
124,1.24,2.48,1
69,0.6900000000000001,1.3800000000000001,0
78,0.78,1.56,0
100,1.0,2.0,1
68,0.68,1.36,0
113,1.1300000000000001,2.2600000000000002,1
63,0.63,1.26,0
132,1.32,2.64,1
79,0.79,1.58,0
140,1.4000000000000001,2.8000000000000003,1
74,0.74,1.48,0
103,1.03,2.06,1
104,1.04,2.08,1
64,0.64,1.28,0
70,0.7000000000000001,1.4000000000000001,0
64,0.64,1.28,0
134,1.34,2.68,1
136,1.36,2.72,1
67,0.67,1.34,0
61,0.61,1.22,0
78,0.78,1.56,0
132,1.32,2.64,1
74,0.74,1.48,0
124,1.24,2.48,1
78,0.78,1.56,0
61,0.61,1.22,0
65,0.65,1.3,0
128,1.28,2.56,1
69,0.6900000000000001,1.3800000000000001,0
74,0.74,1.48,0
138,1.3800000000000001,2.7600000000000002,1
71,0.71,1.42,0
123,1.23,2.46,1
78,0.78,1.56,0
76,0.76,1.52,0
61,0.61,1.22,0
66,0.66,1.32,0
139,1.3900000000000001,2.7800000000000002,1
125,1.25,2.5,1
108,1.08,2.16,1
70,0.7000000000000001,1.4000000000000001,0
60,0.6,1.2,0
135,1.35,2.7,1
65,0.65,1.3,0
68,0.68,1.36,0
107,1.07,2.14,1
78,0.78,1.56,0
68,0.68,1.36,0
77,0.77,1.54,0
109,1.09,2.18,1
100,1.0,2.0,1
113,1.1300000000000001,2.2600000000000002,1
72,0.72,1.44,0
60,0.6,1.2,0
131,1.31,2.62,1
117,1.17,2.34,1
126,1.26,2.52,1
100,1.0,2.0,1
135,1.35,2.7,1
75,0.75,1.5,0
137,1.37,2.74,1
76,0.76,1.52,0
61,0.61,1.22,0
75,0.75,1.5,0
125,1.25,2.5,1
76,0.76,1.52,0
73,0.73,1.46,0
76,0.76,1.52,0
62,0.62,1.24,0
110,1.1,2.2,1
66,0.66,1.32,0
62,0.62,1.24,0
113,1.1300000000000001,2.2600000000000002,1
109,1.09,2.18,1
69,0.6900000000000001,1.3800000000000001,0
74,0.74,1.48,0
139,1.3900000000000001,2.7800000000000002,1
68,0.68,1.36,0
62,0.62,1.24,0
140,1.4000000000000001,2.8000000000000003,1
62,0.62,1.24,0
122,1.22,2.44,1
75,0.75,1.5,0
100,1.0,2.0,1
135,1.35,2.7,1
74,0.74,1.48,0
100,1.0,2.0,1
67,0.67,1.34,0
136,1.36,2.72,1
66,0.66,1.32,0
140,1.4000000000000001,2.8000000000000003,1
101,1.01,2.02,1
122,1.22,2.44,1
66,0.66,1.32,0
116,1.16,2.32,1
67,0.67,1.34,0
118,1.18,2.36,1
132,1.32,2.64,1
65,0.65,1.3,0
68,0.68,1.36,0
131,1.31,2.62,1
80,0.8,1.6,0
133,1.33,2.66,1
129,1.29,2.58,1
74,0.74,1.48,0
134,1.34,2.68,1
80,0.8,1.6,0
70,0.7000000000000001,1.4000000000000001,0
106,1.06,2.12,1
61,0.61,1.22,0
71,0.71,1.42,0
115,1.1500000000000001,2.3000000000000003,1
73,0.73,1.46,0
123,1.23,2.46,1
138,1.3800000000000001,2.7600000000000002,1
69,0.6900000000000001,1.3800000000000001,0
100,1.0,2.0,1
117,1.17,2.34,1
64,0.64,1.28,0
78,0.78,1.56,0
140,1.4000000000000001,2.8000000000000003,1
139,1.3900000000000001,2.7800000000000002,1
79,0.79,1.58,0
60,0.6,1.2,0
66,0.66,1.32,0
69,0.6900000000000001,1.3800000000000001,0
100,1.0,2.0,1
105,1.05,2.1,1
129,1.29,2.58,1
60,0.6,1.2,0
111,1.11,2.22,1
125,1.25,2.5,1
110,1.1,2.2,1
76,0.76,1.52,0
140,1.4000000000000001,2.8000000000000003,1
122,1.22,2.44,1
64,0.64,1.28,0
126,1.26,2.52,1
134,1.34,2.68,1
124,1.24,2.48,1
132,1.32,2.64,1
125,1.25,2.5,1
126,1.26,2.52,1
78,0.78,1.56,0
140,1.4000000000000001,2.8000000000000003,1
69,0.6900000000000001,1.3800000000000001,0
76,0.76,1.52,0
137,1.37,2.74,1
78,0.78,1.56,0
70,0.7000000000000001,1.4000000000000001,0
110,1.1,2.2,1
130,1.3,2.6,1
63,0.63,1.26,0
136,1.36,2.72,1
64,0.64,1.28,0
78,0.78,1.56,0
109,1.09,2.18,1
132,1.32,2.64,1
115,1.1500000000000001,2.3000000000000003,1
63,0.63,1.26,0
61,0.61,1.22,0
75,0.75,1.5,0
123,1.23,2.46,1
117,1.17,2.34,1
131,1.31,2.62,1
129,1.29,2.58,1
138,1.3800000000000001,2.7600000000000002,1
108,1.08,2.16,1
66,0.66,1.32,0
75,0.75,1.5,0
103,1.03,2.06,1
135,1.35,2.7,1
74,0.74,1.48,0
62,0.62,1.24,0
117,1.17,2.34,1
66,0.66,1.32,0
126,1.26,2.52,1
139,1.3900000000000001,2.7800000000000002,1
76,0.76,1.52,0
79,0.79,1.58,0
74,0.74,1.48,0
111,1.11,2.22,1
63,0.63,1.26,0
70,0.7000000000000001,1.4000000000000001,0
65,0.65,1.3,0
67,0.67,1.34,0
79,0.79,1.58,0
70,0.7000000000000001,1.4000000000000001,0
127,1.27,2.54,1
65,0.65,1.3,0
111,1.11,2.22,1
122,1.22,2.44,1
130,1.3,2.6,1
108,1.08,2.16,1
102,1.02,2.04,1
64,0.64,1.28,0
137,1.37,2.74,1
115,1.1500000000000001,2.3000000000000003,1
137,1.37,2.74,1
114,1.1400000000000001,2.2800000000000002,1
71,0.71,1.42,0
65,0.65,1.3,0
129,1.29,2.58,1
130,1.3,2.6,1
138,1.3800000000000001,2.7600000000000002,1
68,0.68,1.36,0
77,0.77,1.54,0
118,1.18,2.36,1
128,1.28,2.56,1
100,1.0,2.0,1
64,0.64,1.28,0
66,0.66,1.32,0
126,1.26,2.52,1
111,1.11,2.22,1
122,1.22,2.44,1
78,0.78,1.56,0
133,1.33,2.66,1
75,0.75,1.5,0
100,1.0,2.0,1
119,1.19,2.38,1
62,0.62,1.24,0
72,0.72,1.44,0
72,0.72,1.44,0
118,1.18,2.36,1
62,0.62,1.24,0
79,0.79,1.58,0
80,0.8,1.6,0
109,1.09,2.18,1
100,1.0,2.0,1
100,1.0,2.0,1
67,0.67,1.34,0
138,1.3800000000000001,2.7600000000000002,1
64,0.64,1.28,0
137,1.37,2.74,1
66,0.66,1.32,0
100,1.0,2.0,1
125,1.25,2.5,1
103,1.03,2.06,1
121,1.21,2.42,1
135,1.35,2.7,1
135,1.35,2.7,1
134,1.34,2.68,1
140,1.4000000000000001,2.8000000000000003,1
104,1.04,2.08,1
119,1.19,2.38,1
66,0.66,1.32,0
129,1.29,2.58,1
60,0.6,1.2,0
133,1.33,2.66,1
140,1.4000000000000001,2.8000000000000003,1
122,1.22,2.44,1
70,0.7000000000000001,1.4000000000000001,0
65,0.65,1.3,0
134,1.34,2.68,1
73,0.73,1.46,0
130,1.3,2.6,1
121,1.21,2.42,1
64,0.64,1.28,0
124,1.24,2.48,1
133,1.33,2.66,1
61,0.61,1.22,0
61,0.61,1.22,0
71,0.71,1.42,0
76,0.76,1.52,0
102,1.02,2.04,1
116,1.16,2.32,1
72,0.72,1.44,0
123,1.23,2.46,1
72,0.72,1.44,0
66,0.66,1.32,0
72,0.72,1.44,0
102,1.02,2.04,1
108,1.08,2.16,1
130,1.3,2.6,1
60,0.6,1.2,0
125,1.25,2.5,1
109,1.09,2.18,1
135,1.35,2.7,1
78,0.78,1.56,0
68,0.68,1.36,0
130,1.3,2.6,1
100,1.0,2.0,1
127,1.27,2.54,1
69,0.6900000000000001,1.3800000000000001,0
103,1.03,2.06,1
74,0.74,1.48,0
66,0.66,1.32,0
78,0.78,1.56,0
72,0.72,1.44,0
120,1.2,2.4,1
79,0.79,1.58,0
107,1.07,2.14,1
123,1.23,2.46,1
100,1.0,2.0,1
68,0.68,1.36,0
77,0.77,1.54,0
125,1.25,2.5,1
74,0.74,1.48,0
68,0.68,1.36,0
130,1.3,2.6,1
78,0.78,1.56,0
129,1.29,2.58,1
71,0.71,1.42,0
113,1.1300000000000001,2.2600000000000002,1
76,0.76,1.52,0
130,1.3,2.6,1
75,0.75,1.5,0
138,1.3800000000000001,2.7600000000000002,1
62,0.62,1.24,0
132,1.32,2.64,1
73,0.73,1.46,0
134,1.34,2.68,1
114,1.1400000000000001,2.2800000000000002,1
70,0.7000000000000001,1.4000000000000001,0
117,1.17,2.34,1
60,0.6,1.2,0
79,0.79,1.58,0
110,1.1,2.2,1
118,1.18,2.36,1
114,1.1400000000000001,2.2800000000000002,1
79,0.79,1.58,0
127,1.27,2.54,1
140,1.4000000000000001,2.8000000000000003,1
65,0.65,1.3,0
112,1.12,2.24,1
129,1.29,2.58,1
108,1.08,2.16,1
127,1.27,2.54,1
108,1.08,2.16,1
65,0.65,1.3,0
109,1.09,2.18,1
117,1.17,2.34,1
126,1.26,2.52,1
66,0.66,1.32,0
120,1.2,2.4,1
135,1.35,2.7,1
74,0.74,1.48,0
136,1.36,2.72,1
125,1.25,2.5,1
72,0.72,1.44,0
71,0.71,1.42,0
75,0.75,1.5,0
118,1.18,2.36,1
133,1.33,2.66,1
65,0.65,1.3,0
108,1.08,2.16,1
67,0.67,1.34,0
80,0.8,1.6,0
70,0.7000000000000001,1.4000000000000001,0
70,0.7000000000000001,1.4000000000000001,0
106,1.06,2.12,1
66,0.66,1.32,0
129,1.29,2.58,1
134,1.34,2.68,1
140,1.4000000000000001,2.8000000000000003,1
71,0.71,1.42,0
111,1.11,2.22,1
63,0.63,1.26,0
104,1.04,2.08,1
72,0.72,1.44,0
104,1.04,2.08,1
75,0.75,1.5,0
68,0.68,1.36,0
76,0.76,1.52,0
104,1.04,2.08,1
118,1.18,2.36,1
77,0.77,1.54,0
73,0.73,1.46,0
129,1.29,2.58,1
70,0.7000000000000001,1.4000000000000001,0
62,0.62,1.24,0
74,0.74,1.48,0
122,1.22,2.44,1
78,0.78,1.56,0
134,1.34,2.68,1
114,1.1400000000000001,2.2800000000000002,1
122,1.22,2.44,1
71,0.71,1.42,0
116,1.16,2.32,1
60,0.6,1.2,0
137,1.37,2.74,1
75,0.75,1.5,0
70,0.7000000000000001,1.4000000000000001,0
100,1.0,2.0,1
112,1.12,2.24,1
79,0.79,1.58,0
79,0.79,1.58,0
66,0.66,1.32,0
121,1.21,2.42,1
107,1.07,2.14,1
78,0.78,1.56,0
131,1.31,2.62,1
140,1.4000000000000001,2.8000000000000003,1
132,1.32,2.64,1
139,1.3900000000000001,2.7800000000000002,1
138,1.3800000000000001,2.7600000000000002,1
60,0.6,1.2,0
66,0.66,1.32,0
70,0.7000000000000001,1.4000000000000001,0
139,1.3900000000000001,2.7800000000000002,1
128,1.28,2.56,1
114,1.1400000000000001,2.2800000000000002,1
104,1.04,2.08,1
60,0.6,1.2,0
74,0.74,1.48,0
125,1.25,2.5,1
138,1.3800000000000001,2.7600000000000002,1
114,1.1400000000000001,2.2800000000000002,1
73,0.73,1.46,0
116,1.16,2.32,1
73,0.73,1.46,0
134,1.34,2.68,1
111,1.11,2.22,1
73,0.73,1.46,0
106,1.06,2.12,1
65,0.65,1.3,0
65,0.65,1.3,0
127,1.27,2.54,1
106,1.06,2.12,1
69,0.6900000000000001,1.3800000000000001,0
74,0.74,1.48,0
62,0.62,1.24,0
67,0.67,1.34,0
125,1.25,2.5,1
139,1.3900000000000001,2.7800000000000002,1
67,0.67,1.34,0
121,1.21,2.42,1
70,0.7000000000000001,1.4000000000000001,0
115,1.1500000000000001,2.3000000000000003,1
117,1.17,2.34,1
66,0.66,1.32,0
69,0.6900000000000001,1.3800000000000001,0
64,0.64,1.28,0
65,0.65,1.3,0
75,0.75,1.5,0
65,0.65,1.3,0
113,1.1300000000000001,2.2600000000000002,1
112,1.12,2.24,1
110,1.1,2.2,1
108,1.08,2.16,1
109,1.09,2.18,1
60,0.6,1.2,0
112,1.12,2.24,1
133,1.33,2.66,1
79,0.79,1.58,0
107,1.07,2.14,1
113,1.1300000000000001,2.2600000000000002,1
75,0.75,1.5,0
69,0.6900000000000001,1.3800000000000001,0
69,0.6900000000000001,1.3800000000000001,0
79,0.79,1.58,0
123,1.23,2.46,1
138,1.3800000000000001,2.7600000000000002,1
77,0.77,1.54,0
114,1.1400000000000001,2.2800000000000002,1
140,1.4000000000000001,2.8000000000000003,1
70,0.7000000000000001,1.4000000000000001,0
138,1.3800000000000001,2.7600000000000002,1
64,0.64,1.28,0
108,1.08,2.16,1
65,0.65,1.3,0
77,0.77,1.54,0
64,0.64,1.28,0
116,1.16,2.32,1
120,1.2,2.4,1
76,0.76,1.52,0
105,1.05,2.1,1
137,1.37,2.74,1
79,0.79,1.58,0
67,0.67,1.34,0
66,0.66,1.32,0
112,1.12,2.24,1
134,1.34,2.68,1
124,1.24,2.48,1
107,1.07,2.14,1
80,0.8,1.6,0
76,0.76,1.52,0
69,0.6900000000000001,1.3800000000000001,0
138,1.3800000000000001,2.7600000000000002,1
120,1.2,2.4,1
104,1.04,2.08,1
77,0.77,1.54,0
76,0.76,1.52,0
140,1.4000000000000001,2.8000000000000003,1
127,1.27,2.54,1
100,1.0,2.0,1
80,0.8,1.6,0
79,0.79,1.58,0
100,1.0,2.0,1
71,0.71,1.42,0
129,1.29,2.58,1
101,1.01,2.02,1
124,1.24,2.48,1
103,1.03,2.06,1
112,1.12,2.24,1
128,1.28,2.56,1
129,1.29,2.58,1
74,0.74,1.48,0
137,1.37,2.74,1
60,0.6,1.2,0
112,1.12,2.24,1
124,1.24,2.48,1
63,0.63,1.26,0
73,0.73,1.46,0
63,0.63,1.26,0
132,1.32,2.64,1
63,0.63,1.26,0
107,1.07,2.14,1
130,1.3,2.6,1
127,1.27,2.54,1
72,0.72,1.44,0
77,0.77,1.54,0
78,0.78,1.56,0
72,0.72,1.44,0
66,0.66,1.32,0
132,1.32,2.64,1
77,0.77,1.54,0
68,0.68,1.36,0
114,1.1400000000000001,2.2800000000000002,1
138,1.3800000000000001,2.7600000000000002,1
75,0.75,1.5,0
109,1.09,2.18,1
117,1.17,2.34,1
135,1.35,2.7,1
131,1.31,2.62,1
61,0.61,1.22,0
73,0.73,1.46,0
127,1.27,2.54,1
75,0.75,1.5,0
139,1.3900000000000001,2.7800000000000002,1
65,0.65,1.3,0
139,1.3900000000000001,2.7800000000000002,1
64,0.64,1.28,0
80,0.8,1.6,0
125,1.25,2.5,1
137,1.37,2.74,1
67,0.67,1.34,0
124,1.24,2.48,1
106,1.06,2.12,1
61,0.61,1.22,0
131,1.31,2.62,1
128,1.28,2.56,1
64,0.64,1.28,0
62,0.62,1.24,0
134,1.34,2.68,1
63,0.63,1.26,0
133,1.33,2.66,1
75,0.75,1.5,0
118,1.18,2.36,1
137,1.37,2.74,1
69,0.6900000000000001,1.3800000000000001,0
62,0.62,1.24,0
106,1.06,2.12,1
71,0.71,1.42,0
65,0.65,1.3,0
73,0.73,1.46,0
68,0.68,1.36,0
133,1.33,2.66,1
61,0.61,1.22,0
80,0.8,1.6,0
77,0.77,1.54,0
65,0.65,1.3,0
78,0.78,1.56,0
77,0.77,1.54,0
127,1.27,2.54,1
80,0.8,1.6,0
68,0.68,1.36,0
76,0.76,1.52,0
116,1.16,2.32,1
138,1.3800000000000001,2.7600000000000002,1
138,1.3800000000000001,2.7600000000000002,1
65,0.65,1.3,0
69,0.6900000000000001,1.3800000000000001,0
80,0.8,1.6,0
134,1.34,2.68,1
79,0.79,1.58,0
71,0.71,1.42,0
104,1.04,2.08,1
123,1.23,2.46,1
63,0.63,1.26,0
115,1.1500000000000001,2.3000000000000003,1
80,0.8,1.6,0
108,1.08,2.16,1
80,0.8,1.6,0
73,0.73,1.46,0
67,0.67,1.34,0
73,0.73,1.46,0
63,0.63,1.26,0
68,0.68,1.36,0
74,0.74,1.48,0
101,1.01,2.02,1
66,0.66,1.32,0
80,0.8,1.6,0
121,1.21,2.42,1
102,1.02,2.04,1
78,0.78,1.56,0
126,1.26,2.52,1
102,1.02,2.04,1
63,0.63,1.26,0
101,1.01,2.02,1
117,1.17,2.34,1
79,0.79,1.58,0
62,0.62,1.24,0
77,0.77,1.54,0
63,0.63,1.26,0
116,1.16,2.32,1
124,1.24,2.48,1
78,0.78,1.56,0
63,0.63,1.26,0
135,1.35,2.7,1
100,1.0,2.0,1
75,0.75,1.5,0
127,1.27,2.54,1
64,0.64,1.28,0
105,1.05,2.1,1
71,0.71,1.42,0
107,1.07,2.14,1
77,0.77,1.54,0
80,0.8,1.6,0
128,1.28,2.56,1
114,1.1400000000000001,2.2800000000000002,1
69,0.6900000000000001,1.3800000000000001,0
76,0.76,1.52,0
135,1.35,2.7,1
67,0.67,1.34,0
68,0.68,1.36,0
60,0.6,1.2,0
76,0.76,1.52,0
72,0.72,1.44,0
79,0.79,1.58,0
65,0.65,1.3,0
128,1.28,2.56,1
103,1.03,2.06,1
67,0.67,1.34,0
133,1.33,2.66,1
79,0.79,1.58,0
109,1.09,2.18,1
115,1.1500000000000001,2.3000000000000003,1
68,0.68,1.36,0
133,1.33,2.66,1
126,1.26,2.52,1
113,1.1300000000000001,2.2600000000000002,1
106,1.06,2.12,1
60,0.6,1.2,0
80,0.8,1.6,0
69,0.6900000000000001,1.3800000000000001,0
127,1.27,2.54,1
72,0.72,1.44,0
73,0.73,1.46,0
113,1.1300000000000001,2.2600000000000002,1
76,0.76,1.52,0
135,1.35,2.7,1
130,1.3,2.6,1
105,1.05,2.1,1
113,1.1300000000000001,2.2600000000000002,1
72,0.72,1.44,0
64,0.64,1.28,0
80,0.8,1.6,0
77,0.77,1.54,0
67,0.67,1.34,0
70,0.7000000000000001,1.4000000000000001,0
80,0.8,1.6,0
74,0.74,1.48,0
131,1.31,2.62,1
67,0.67,1.34,0
114,1.1400000000000001,2.2800000000000002,1
126,1.26,2.52,1
115,1.1500000000000001,2.3000000000000003,1
131,1.31,2.62,1
134,1.34,2.68,1
105,1.05,2.1,1
79,0.79,1.58,0
63,0.63,1.26,0
78,0.78,1.56,0
79,0.79,1.58,0
60,0.6,1.2,0
123,1.23,2.46,1
77,0.77,1.54,0
121,1.21,2.42,1
101,1.01,2.02,1
62,0.62,1.24,0
69,0.6900000000000001,1.3800000000000001,0
114,1.1400000000000001,2.2800000000000002,1
130,1.3,2.6,1
79,0.79,1.58,0
140,1.4000000000000001,2.8000000000000003,1
115,1.1500000000000001,2.3000000000000003,1
112,1.12,2.24,1
62,0.62,1.24,0
72,0.72,1.44,0
61,0.61,1.22,0
72,0.72,1.44,0
138,1.3800000000000001,2.7600000000000002,1
104,1.04,2.08,1
60,0.6,1.2,0
117,1.17,2.34,1
139,1.3900000000000001,2.7800000000000002,1
71,0.71,1.42,0
73,0.73,1.46,0
67,0.67,1.34,0
131,1.31,2.62,1
73,0.73,1.46,0
102,1.02,2.04,1
75,0.75,1.5,0
102,1.02,2.04,1
69,0.6900000000000001,1.3800000000000001,0
132,1.32,2.64,1
123,1.23,2.46,1
73,0.73,1.46,0
124,1.24,2.48,1
62,0.62,1.24,0
72,0.72,1.44,0
117,1.17,2.34,1
73,0.73,1.46,0
140,1.4000000000000001,2.8000000000000003,1
74,0.74,1.48,0
133,1.33,2.66,1
102,1.02,2.04,1
129,1.29,2.58,1
125,1.25,2.5,1
78,0.78,1.56,0
112,1.12,2.24,1
111,1.11,2.22,1
126,1.26,2.52,1
62,0.62,1.24,0
64,0.64,1.28,0
80,0.8,1.6,0
80,0.8,1.6,0
122,1.22,2.44,1
120,1.2,2.4,1
114,1.1400000000000001,2.2800000000000002,1
113,1.1300000000000001,2.2600000000000002,1
132,1.32,2.64,1
129,1.29,2.58,1
100,1.0,2.0,1
70,0.7000000000000001,1.4000000000000001,0
116,1.16,2.32,1
119,1.19,2.38,1
115,1.1500000000000001,2.3000000000000003,1
77,0.77,1.54,0
63,0.63,1.26,0
65,0.65,1.3,0
74,0.74,1.48,0
77,0.77,1.54,0
76,0.76,1.52,0
74,0.74,1.48,0
117,1.17,2.34,1
79,0.79,1.58,0
66,0.66,1.32,0
108,1.08,2.16,1
70,0.7000000000000001,1.4000000000000001,0
134,1.34,2.68,1
137,1.37,2.74,1
128,1.28,2.56,1
120,1.2,2.4,1
106,1.06,2.12,1
68,0.68,1.36,0
131,1.31,2.62,1
60,0.6,1.2,0
132,1.32,2.64,1
122,1.22,2.44,1
80,0.8,1.6,0
80,0.8,1.6,0
73,0.73,1.46,0
78,0.78,1.56,0
115,1.1500000000000001,2.3000000000000003,1
110,1.1,2.2,1
102,1.02,2.04,1
137,1.37,2.74,1
118,1.18,2.36,1
72,0.72,1.44,0
136,1.36,2.72,1
135,1.35,2.7,1
125,1.25,2.5,1
109,1.09,2.18,1
60,0.6,1.2,0
115,1.1500000000000001,2.3000000000000003,1
77,0.77,1.54,0
70,0.7000000000000001,1.4000000000000001,0
63,0.63,1.26,0
137,1.37,2.74,1
114,1.1400000000000001,2.2800000000000002,1
125,1.25,2.5,1
61,0.61,1.22,0
66,0.66,1.32,0
116,1.16,2.32,1
68,0.68,1.36,0
120,1.2,2.4,1
128,1.28,2.56,1
61,0.61,1.22,0
65,0.65,1.3,0
78,0.78,1.56,0
126,1.26,2.52,1
129,1.29,2.58,1
72,0.72,1.44,0
126,1.26,2.52,1
76,0.76,1.52,0
61,0.61,1.22,0
134,1.34,2.68,1
80,0.8,1.6,0
128,1.28,2.56,1
108,1.08,2.16,1
122,1.22,2.44,1
63,0.63,1.26,0
80,0.8,1.6,0
104,1.04,2.08,1
100,1.0,2.0,1
114,1.1400000000000001,2.2800000000000002,1
105,1.05,2.1,1
62,0.62,1.24,0
63,0.63,1.26,0
112,1.12,2.24,1
80,0.8,1.6,0
78,0.78,1.56,0
63,0.63,1.26,0
73,0.73,1.46,0
119,1.19,2.38,1
61,0.61,1.22,0
115,1.1500000000000001,2.3000000000000003,1
137,1.37,2.74,1
113,1.1300000000000001,2.2600000000000002,1
128,1.28,2.56,1
100,1.0,2.0,1
104,1.04,2.08,1
127,1.27,2.54,1
112,1.12,2.24,1
70,0.7000000000000001,1.4000000000000001,0
67,0.67,1.34,0
137,1.37,2.74,1
118,1.18,2.36,1
65,0.65,1.3,0
127,1.27,2.54,1
65,0.65,1.3,0
130,1.3,2.6,1
139,1.3900000000000001,2.7800000000000002,1
61,0.61,1.22,0
129,1.29,2.58,1
107,1.07,2.14,1
114,1.1400000000000001,2.2800000000000002,1
64,0.64,1.28,0
120,1.2,2.4,1
131,1.31,2.62,1
71,0.71,1.42,0
61,0.61,1.22,0
77,0.77,1.54,0
67,0.67,1.34,0
108,1.08,2.16,1
121,1.21,2.42,1
117,1.17,2.34,1
114,1.1400000000000001,2.2800000000000002,1
75,0.75,1.5,0
139,1.3900000000000001,2.7800000000000002,1
123,1.23,2.46,1
77,0.77,1.54,0
67,0.67,1.34,0
77,0.77,1.54,0
67,0.67,1.34,0
63,0.63,1.26,0
112,1.12,2.24,1
70,0.7000000000000001,1.4000000000000001,0
105,1.05,2.1,1
103,1.03,2.06,1
72,0.72,1.44,0
119,1.19,2.38,1
69,0.6900000000000001,1.3800000000000001,0
102,1.02,2.04,1
139,1.3900000000000001,2.7800000000000002,1
115,1.1500000000000001,2.3000000000000003,1
110,1.1,2.2,1
64,0.64,1.28,0
72,0.72,1.44,0
107,1.07,2.14,1
77,0.77,1.54,0
67,0.67,1.34,0
107,1.07,2.14,1
80,0.8,1.6,0
76,0.76,1.52,0
130,1.3,2.6,1
127,1.27,2.54,1
63,0.63,1.26,0
104,1.04,2.08,1
67,0.67,1.34,0
130,1.3,2.6,1
106,1.06,2.12,1
120,1.2,2.4,1
76,0.76,1.52,0
140,1.4000000000000001,2.8000000000000003,1
66,0.66,1.32,0
73,0.73,1.46,0
112,1.12,2.24,1
102,1.02,2.04,1
112,1.12,2.24,1
77,0.77,1.54,0
105,1.05,2.1,1
60,0.6,1.2,0
132,1.32,2.64,1
69,0.6900000000000001,1.3800000000000001,0
76,0.76,1.52,0
103,1.03,2.06,1
80,0.8,1.6,0
76,0.76,1.52,0
131,1.31,2.62,1
67,0.67,1.34,0
71,0.71,1.42,0
78,0.78,1.56,0
70,0.7000000000000001,1.4000000000000001,0
67,0.67,1.34,0
122,1.22,2.44,1
79,0.79,1.58,0
62,0.62,1.24,0
122,1.22,2.44,1
65,0.65,1.3,0
73,0.73,1.46,0
72,0.72,1.44,0
77,0.77,1.54,0
75,0.75,1.5,0
72,0.72,1.44,0
78,0.78,1.56,0
76,0.76,1.52,0
111,1.11,2.22,1
139,1.3900000000000001,2.7800000000000002,1
113,1.1300000000000001,2.2600000000000002,1
122,1.22,2.44,1
70,0.7000000000000001,1.4000000000000001,0
64,0.64,1.28,0
116,1.16,2.32,1
126,1.26,2.52,1
119,1.19,2.38,1
109,1.09,2.18,1
62,0.62,1.24,0
117,1.17,2.34,1
61,0.61,1.22,0
64,0.64,1.28,0
69,0.6900000000000001,1.3800000000000001,0
72,0.72,1.44,0
107,1.07,2.14,1
103,1.03,2.06,1
107,1.07,2.14,1
69,0.6900000000000001,1.3800000000000001,0
137,1.37,2.74,1
140,1.4000000000000001,2.8000000000000003,1
69,0.6900000000000001,1.3800000000000001,0
137,1.37,2.74,1
119,1.19,2.38,1
120,1.2,2.4,1
78,0.78,1.56,0
106,1.06,2.12,1
129,1.29,2.58,1
138,1.3800000000000001,2.7600000000000002,1
122,1.22,2.44,1
105,1.05,2.1,1
71,0.71,1.42,0
119,1.19,2.38,1
108,1.08,2.16,1
73,0.73,1.46,0
136,1.36,2.72,1
68,0.68,1.36,0
74,0.74,1.48,0
112,1.12,2.24,1
74,0.74,1.48,0
121,1.21,2.42,1
77,0.77,1.54,0
105,1.05,2.1,1
119,1.19,2.38,1
131,1.31,2.62,1
133,1.33,2.66,1
109,1.09,2.18,1
73,0.73,1.46,0
75,0.75,1.5,0
74,0.74,1.48,0
136,1.36,2.72,1
122,1.22,2.44,1
67,0.67,1.34,0
100,1.0,2.0,1
67,0.67,1.34,0
69,0.6900000000000001,1.3800000000000001,0
69,0.6900000000000001,1.3800000000000001,0
80,0.8,1.6,0
73,0.73,1.46,0
102,1.02,2.04,1
71,0.71,1.42,0
106,1.06,2.12,1
118,1.18,2.36,1
137,1.37,2.74,1
123,1.23,2.46,1
135,1.35,2.7,1
70,0.7000000000000001,1.4000000000000001,0
60,0.6,1.2,0
60,0.6,1.2,0
77,0.77,1.54,0
67,0.67,1.34,0
60,0.6,1.2,0
76,0.76,1.52,0
126,1.26,2.52,1
78,0.78,1.56,0
76,0.76,1.52,0
136,1.36,2.72,1
110,1.1,2.2,1
67,0.67,1.34,0
75,0.75,1.5,0
127,1.27,2.54,1
113,1.1300000000000001,2.2600000000000002,1
125,1.25,2.5,1
73,0.73,1.46,0
134,1.34,2.68,1
76,0.76,1.52,0
69,0.6900000000000001,1.3800000000000001,0
102,1.02,2.04,1
117,1.17,2.34,1
121,1.21,2.42,1
62,0.62,1.24,0
136,1.36,2.72,1
68,0.68,1.36,0
130,1.3,2.6,1
79,0.79,1.58,0
76,0.76,1.52,0
134,1.34,2.68,1
74,0.74,1.48,0
63,0.63,1.26,0
113,1.1300000000000001,2.2600000000000002,1
110,1.1,2.2,1
129,1.29,2.58,1
75,0.75,1.5,0
62,0.62,1.24,0
79,0.79,1.58,0
73,0.73,1.46,0
76,0.76,1.52,0
60,0.6,1.2,0
132,1.32,2.64,1
119,1.19,2.38,1
76,0.76,1.52,0
76,0.76,1.52,0
104,1.04,2.08,1
60,0.6,1.2,0
117,1.17,2.34,1
73,0.73,1.46,0
104,1.04,2.08,1
132,1.32,2.64,1
101,1.01,2.02,1
121,1.21,2.42,1
77,0.77,1.54,0
79,0.79,1.58,0
118,1.18,2.36,1
119,1.19,2.38,1
101,1.01,2.02,1
68,0.68,1.36,0
70,0.7000000000000001,1.4000000000000001,0
65,0.65,1.3,0
61,0.61,1.22,0
69,0.6900000000000001,1.3800000000000001,0
112,1.12,2.24,1
61,0.61,1.22,0
68,0.68,1.36,0
62,0.62,1.24,0
73,0.73,1.46,0
110,1.1,2.2,1
80,0.8,1.6,0
74,0.74,1.48,0
105,1.05,2.1,1
124,1.24,2.48,1
61,0.61,1.22,0
61,0.61,1.22,0
69,0.6900000000000001,1.3800000000000001,0
64,0.64,1.28,0
74,0.74,1.48,0
71,0.71,1.42,0
71,0.71,1.42,0
108,1.08,2.16,1
128,1.28,2.56,1
115,1.1500000000000001,2.3000000000000003,1
138,1.3800000000000001,2.7600000000000002,1
123,1.23,2.46,1
63,0.63,1.26,0
115,1.1500000000000001,2.3000000000000003,1
129,1.29,2.58,1
137,1.37,2.74,1
135,1.35,2.7,1
71,0.71,1.42,0
127,1.27,2.54,1
136,1.36,2.72,1
71,0.71,1.42,0
65,0.65,1.3,0
110,1.1,2.2,1
118,1.18,2.36,1
75,0.75,1.5,0
69,0.6900000000000001,1.3800000000000001,0
79,0.79,1.58,0
117,1.17,2.34,1
121,1.21,2.42,1
74,0.74,1.48,0
77,0.77,1.54,0
131,1.31,2.62,1
133,1.33,2.66,1
68,0.68,1.36,0
67,0.67,1.34,0
64,0.64,1.28,0
117,1.17,2.34,1
139,1.3900000000000001,2.7800000000000002,1
123,1.23,2.46,1
126,1.26,2.52,1
128,1.28,2.56,1
67,0.67,1.34,0
74,0.74,1.48,0
67,0.67,1.34,0
75,0.75,1.5,0
118,1.18,2.36,1
74,0.74,1.48,0
111,1.11,2.22,1
119,1.19,2.38,1
61,0.61,1.22,0
70,0.7000000000000001,1.4000000000000001,0
100,1.0,2.0,1
110,1.1,2.2,1
107,1.07,2.14,1
131,1.31,2.62,1
70,0.7000000000000001,1.4000000000000001,0
107,1.07,2.14,1
63,0.63,1.26,0
115,1.1500000000000001,2.3000000000000003,1
138,1.3800000000000001,2.7600000000000002,1
77,0.77,1.54,0
125,1.25,2.5,1
132,1.32,2.64,1
75,0.75,1.5,0
75,0.75,1.5,0
112,1.12,2.24,1
75,0.75,1.5,0
66,0.66,1.32,0
105,1.05,2.1,1
61,0.61,1.22,0
133,1.33,2.66,1
75,0.75,1.5,0
138,1.3800000000000001,2.7600000000000002,1
72,0.72,1.44,0
64,0.64,1.28,0
120,1.2,2.4,1
73,0.73,1.46,0
127,1.27,2.54,1
66,0.66,1.32,0
62,0.62,1.24,0
72,0.72,1.44,0
69,0.6900000000000001,1.3800000000000001,0
108,1.08,2.16,1
110,1.1,2.2,1
67,0.67,1.34,0
73,0.73,1.46,0
127,1.27,2.54,1
72,0.72,1.44,0
68,0.68,1.36,0
76,0.76,1.52,0
65,0.65,1.3,0
66,0.66,1.32,0
107,1.07,2.14,1
124,1.24,2.48,1
139,1.3900000000000001,2.7800000000000002,1
131,1.31,2.62,1
64,0.64,1.28,0
70,0.7000000000000001,1.4000000000000001,0
60,0.6,1.2,0
114,1.1400000000000001,2.2800000000000002,1
140,1.4000000000000001,2.8000000000000003,1
67,0.67,1.34,0
66,0.66,1.32,0
106,1.06,2.12,1
75,0.75,1.5,0
114,1.1400000000000001,2.2800000000000002,1
73,0.73,1.46,0
72,0.72,1.44,0
140,1.4000000000000001,2.8000000000000003,1
67,0.67,1.34,0
133,1.33,2.66,1
62,0.62,1.24,0
77,0.77,1.54,0
67,0.67,1.34,0
106,1.06,2.12,1
100,1.0,2.0,1
77,0.77,1.54,0
129,1.29,2.58,1
78,0.78,1.56,0
106,1.06,2.12,1
75,0.75,1.5,0
69,0.6900000000000001,1.3800000000000001,0
76,0.76,1.52,0
118,1.18,2.36,1
126,1.26,2.52,1
134,1.34,2.68,1
114,1.1400000000000001,2.2800000000000002,1
65,0.65,1.3,0
128,1.28,2.56,1
122,1.22,2.44,1
61,0.61,1.22,0
137,1.37,2.74,1
60,0.6,1.2,0
124,1.24,2.48,1
72,0.72,1.44,0
73,0.73,1.46,0
63,0.63,1.26,0
135,1.35,2.7,1
75,0.75,1.5,0
100,1.0,2.0,1
123,1.23,2.46,1
112,1.12,2.24,1
80,0.8,1.6,0
76,0.76,1.52,0
132,1.32,2.64,1
62,0.62,1.24,0
79,0.79,1.58,0
73,0.73,1.46,0
104,1.04,2.08,1
106,1.06,2.12,1
133,1.33,2.66,1
129,1.29,2.58,1
80,0.8,1.6,0
77,0.77,1.54,0
135,1.35,2.7,1
62,0.62,1.24,0
106,1.06,2.12,1
64,0.64,1.28,0
63,0.63,1.26,0
74,0.74,1.48,0
76,0.76,1.52,0
135,1.35,2.7,1
133,1.33,2.66,1
72,0.72,1.44,0
127,1.27,2.54,1
129,1.29,2.58,1
123,1.23,2.46,1
61,0.61,1.22,0
72,0.72,1.44,0
124,1.24,2.48,1
106,1.06,2.12,1
119,1.19,2.38,1
133,1.33,2.66,1
79,0.79,1.58,0
66,0.66,1.32,0
135,1.35,2.7,1
72,0.72,1.44,0
70,0.7000000000000001,1.4000000000000001,0
75,0.75,1.5,0
60,0.6,1.2,0
61,0.61,1.22,0
100,1.0,2.0,1
101,1.01,2.02,1
61,0.61,1.22,0
72,0.72,1.44,0
79,0.79,1.58,0
115,1.1500000000000001,2.3000000000000003,1
107,1.07,2.14,1
71,0.71,1.42,0
108,1.08,2.16,1
66,0.66,1.32,0
112,1.12,2.24,1
60,0.6,1.2,0
69,0.6900000000000001,1.3800000000000001,0
101,1.01,2.02,1
115,1.1500000000000001,2.3000000000000003,1
108,1.08,2.16,1
73,0.73,1.46,0
69,0.6900000000000001,1.3800000000000001,0
70,0.7000000000000001,1.4000000000000001,0
130,1.3,2.6,1
137,1.37,2.74,1
123,1.23,2.46,1
69,0.6900000000000001,1.3800000000000001,0
76,0.76,1.52,0
139,1.3900000000000001,2.7800000000000002,1
70,0.7000000000000001,1.4000000000000001,0
137,1.37,2.74,1
75,0.75,1.5,0
73,0.73,1.46,0
62,0.62,1.24,0
61,0.61,1.22,0
72,0.72,1.44,0
60,0.6,1.2,0
107,1.07,2.14,1
74,0.74,1.48,0
78,0.78,1.56,0
139,1.3900000000000001,2.7800000000000002,1
114,1.1400000000000001,2.2800000000000002,1
65,0.65,1.3,0
125,1.25,2.5,1
127,1.27,2.54,1
74,0.74,1.48,0
66,0.66,1.32,0
64,0.64,1.28,0
68,0.68,1.36,0
113,1.1300000000000001,2.2600000000000002,1
118,1.18,2.36,1
117,1.17,2.34,1
61,0.61,1.22,0
60,0.6,1.2,0
71,0.71,1.42,0
138,1.3800000000000001,2.7600000000000002,1
122,1.22,2.44,1
116,1.16,2.32,1
107,1.07,2.14,1
131,1.31,2.62,1
76,0.76,1.52,0
113,1.1300000000000001,2.2600000000000002,1
133,1.33,2.66,1
127,1.27,2.54,1
76,0.76,1.52,0
139,1.3900000000000001,2.7800000000000002,1
67,0.67,1.34,0
105,1.05,2.1,1
140,1.4000000000000001,2.8000000000000003,1
115,1.1500000000000001,2.3000000000000003,1
112,1.12,2.24,1
125,1.25,2.5,1
101,1.01,2.02,1
63,0.63,1.26,0
100,1.0,2.0,1
62,0.62,1.24,0
119,1.19,2.38,1
118,1.18,2.36,1
64,0.64,1.28,0
112,1.12,2.24,1
70,0.7000000000000001,1.4000000000000001,0
67,0.67,1.34,0
79,0.79,1.58,0
121,1.21,2.42,1
136,1.36,2.72,1
133,1.33,2.66,1
74,0.74,1.48,0
65,0.65,1.3,0
115,1.1500000000000001,2.3000000000000003,1
62,0.62,1.24,0
120,1.2,2.4,1
131,1.31,2.62,1
110,1.1,2.2,1
115,1.1500000000000001,2.3000000000000003,1
115,1.1500000000000001,2.3000000000000003,1
118,1.18,2.36,1
60,0.6,1.2,0
78,0.78,1.56,0
75,0.75,1.5,0
73,0.73,1.46,0
65,0.65,1.3,0
113,1.1300000000000001,2.2600000000000002,1
63,0.63,1.26,0
115,1.1500000000000001,2.3000000000000003,1
114,1.1400000000000001,2.2800000000000002,1
114,1.1400000000000001,2.2800000000000002,1
74,0.74,1.48,0
72,0.72,1.44,0
65,0.65,1.3,0
61,0.61,1.22,0
63,0.63,1.26,0
127,1.27,2.54,1
60,0.6,1.2,0
63,0.63,1.26,0
117,1.17,2.34,1
137,1.37,2.74,1
110,1.1,2.2,1
79,0.79,1.58,0
60,0.6,1.2,0
108,1.08,2.16,1
65,0.65,1.3,0
78,0.78,1.56,0
73,0.73,1.46,0
102,1.02,2.04,1
108,1.08,2.16,1
121,1.21,2.42,1
110,1.1,2.2,1
113,1.1300000000000001,2.2600000000000002,1
61,0.61,1.22,0
63,0.63,1.26,0
76,0.76,1.52,0
77,0.77,1.54,0
104,1.04,2.08,1
61,0.61,1.22,0
71,0.71,1.42,0
75,0.75,1.5,0
69,0.6900000000000001,1.3800000000000001,0
74,0.74,1.48,0
69,0.6900000000000001,1.3800000000000001,0
104,1.04,2.08,1
119,1.19,2.38,1
64,0.64,1.28,0
101,1.01,2.02,1
101,1.01,2.02,1
111,1.11,2.22,1
79,0.79,1.58,0
115,1.1500000000000001,2.3000000000000003,1
78,0.78,1.56,0
105,1.05,2.1,1
79,0.79,1.58,0
62,0.62,1.24,0
117,1.17,2.34,1
126,1.26,2.52,1
72,0.72,1.44,0
104,1.04,2.08,1
68,0.68,1.36,0
118,1.18,2.36,1
64,0.64,1.28,0
134,1.34,2.68,1
72,0.72,1.44,0
121,1.21,2.42,1
133,1.33,2.66,1
75,0.75,1.5,0
130,1.3,2.6,1
66,0.66,1.32,0
116,1.16,2.32,1
126,1.26,2.52,1
108,1.08,2.16,1
61,0.61,1.22,0
63,0.63,1.26,0
68,0.68,1.36,0
75,0.75,1.5,0
60,0.6,1.2,0
114,1.1400000000000001,2.2800000000000002,1
106,1.06,2.12,1
74,0.74,1.48,0
115,1.1500000000000001,2.3000000000000003,1
64,0.64,1.28,0
107,1.07,2.14,1
102,1.02,2.04,1
70,0.7000000000000001,1.4000000000000001,0
117,1.17,2.34,1
102,1.02,2.04,1
131,1.31,2.62,1
76,0.76,1.52,0
137,1.37,2.74,1
80,0.8,1.6,0
101,1.01,2.02,1
131,1.31,2.62,1
120,1.2,2.4,1
63,0.63,1.26,0
136,1.36,2.72,1
129,1.29,2.58,1
64,0.64,1.28,0
62,0.62,1.24,0
68,0.68,1.36,0
105,1.05,2.1,1
73,0.73,1.46,0
101,1.01,2.02,1
132,1.32,2.64,1
68,0.68,1.36,0
111,1.11,2.22,1
121,1.21,2.42,1
63,0.63,1.26,0
110,1.1,2.2,1
65,0.65,1.3,0
140,1.4000000000000001,2.8000000000000003,1
69,0.6900000000000001,1.3800000000000001,0
116,1.16,2.32,1
64,0.64,1.28,0
79,0.79,1.58,0
80,0.8,1.6,0
67,0.67,1.34,0
61,0.61,1.22,0
72,0.72,1.44,0
72,0.72,1.44,0
136,1.36,2.72,1
115,1.1500000000000001,2.3000000000000003,1
79,0.79,1.58,0
118,1.18,2.36,1
61,0.61,1.22,0
62,0.62,1.24,0
62,0.62,1.24,0
135,1.35,2.7,1
123,1.23,2.46,1
63,0.63,1.26,0
128,1.28,2.56,1
134,1.34,2.68,1
74,0.74,1.48,0
74,0.74,1.48,0
115,1.1500000000000001,2.3000000000000003,1
138,1.3800000000000001,2.7600000000000002,1
79,0.79,1.58,0
80,0.8,1.6,0
115,1.1500000000000001,2.3000000000000003,1
68,0.68,1.36,0
75,0.75,1.5,0
76,0.76,1.52,0
105,1.05,2.1,1
122,1.22,2.44,1
65,0.65,1.3,0
60,0.6,1.2,0
132,1.32,2.64,1
112,1.12,2.24,1
117,1.17,2.34,1
65,0.65,1.3,0
75,0.75,1.5,0
60,0.6,1.2,0
61,0.61,1.22,0
70,0.7000000000000001,1.4000000000000001,0
72,0.72,1.44,0
77,0.77,1.54,0
78,0.78,1.56,0
63,0.63,1.26,0
67,0.67,1.34,0
78,0.78,1.56,0
62,0.62,1.24,0
102,1.02,2.04,1
70,0.7000000000000001,1.4000000000000001,0
102,1.02,2.04,1
126,1.26,2.52,1
69,0.6900000000000001,1.3800000000000001,0
115,1.1500000000000001,2.3000000000000003,1
132,1.32,2.64,1
75,0.75,1.5,0
111,1.11,2.22,1
69,0.6900000000000001,1.3800000000000001,0
115,1.1500000000000001,2.3000000000000003,1
69,0.6900000000000001,1.3800000000000001,0
75,0.75,1.5,0
111,1.11,2.22,1
118,1.18,2.36,1
63,0.63,1.26,0
80,0.8,1.6,0
129,1.29,2.58,1
62,0.62,1.24,0
75,0.75,1.5,0
78,0.78,1.56,0
130,1.3,2.6,1
131,1.31,2.62,1
136,1.36,2.72,1
76,0.76,1.52,0
73,0.73,1.46,0
80,0.8,1.6,0
61,0.61,1.22,0
126,1.26,2.52,1
123,1.23,2.46,1
75,0.75,1.5,0
136,1.36,2.72,1
78,0.78,1.56,0
77,0.77,1.54,0
114,1.1400000000000001,2.2800000000000002,1
108,1.08,2.16,1
72,0.72,1.44,0
111,1.11,2.22,1
77,0.77,1.54,0
129,1.29,2.58,1
130,1.3,2.6,1
122,1.22,2.44,1
138,1.3800000000000001,2.7600000000000002,1
80,0.8,1.6,0
132,1.32,2.64,1
133,1.33,2.66,1
74,0.74,1.48,0
111,1.11,2.22,1
72,0.72,1.44,0
78,0.78,1.56,0
80,0.8,1.6,0
119,1.19,2.38,1
78,0.78,1.56,0
101,1.01,2.02,1
103,1.03,2.06,1
109,1.09,2.18,1
64,0.64,1.28,0
138,1.3800000000000001,2.7600000000000002,1
121,1.21,2.42,1
116,1.16,2.32,1
79,0.79,1.58,0
121,1.21,2.42,1
67,0.67,1.34,0
62,0.62,1.24,0
73,0.73,1.46,0
104,1.04,2.08,1
102,1.02,2.04,1
60,0.6,1.2,0
69,0.6900000000000001,1.3800000000000001,0
62,0.62,1.24,0
67,0.67,1.34,0
140,1.4000000000000001,2.8000000000000003,1
76,0.76,1.52,0
71,0.71,1.42,0
117,1.17,2.34,1
74,0.74,1.48,0
106,1.06,2.12,1
126,1.26,2.52,1
122,1.22,2.44,1
65,0.65,1.3,0
140,1.4000000000000001,2.8000000000000003,1
70,0.7000000000000001,1.4000000000000001,0
77,0.77,1.54,0
122,1.22,2.44,1
108,1.08,2.16,1
106,1.06,2.12,1
78,0.78,1.56,0
100,1.0,2.0,1
102,1.02,2.04,1
74,0.74,1.48,0
63,0.63,1.26,0
128,1.28,2.56,1
72,0.72,1.44,0
65,0.65,1.3,0
136,1.36,2.72,1
119,1.19,2.38,1
108,1.08,2.16,1
79,0.79,1.58,0
62,0.62,1.24,0
126,1.26,2.52,1
78,0.78,1.56,0
66,0.66,1.32,0
67,0.67,1.34,0
70,0.7000000000000001,1.4000000000000001,0
60,0.6,1.2,0
78,0.78,1.56,0
135,1.35,2.7,1
74,0.74,1.48,0
117,1.17,2.34,1
127,1.27,2.54,1
113,1.1300000000000001,2.2600000000000002,1
138,1.3800000000000001,2.7600000000000002,1
73,0.73,1.46,0
101,1.01,2.02,1
122,1.22,2.44,1
120,1.2,2.4,1
61,0.61,1.22,0
73,0.73,1.46,0
124,1.24,2.48,1
68,0.68,1.36,0
126,1.26,2.52,1
69,0.6900000000000001,1.3800000000000001,0
135,1.35,2.7,1
72,0.72,1.44,0
125,1.25,2.5,1
116,1.16,2.32,1
136,1.36,2.72,1
68,0.68,1.36,0
65,0.65,1.3,0
77,0.77,1.54,0
121,1.21,2.42,1
134,1.34,2.68,1
123,1.23,2.46,1
73,0.73,1.46,0
132,1.32,2.64,1
70,0.7000000000000001,1.4000000000000001,0
68,0.68,1.36,0
123,1.23,2.46,1
136,1.36,2.72,1
132,1.32,2.64,1
138,1.3800000000000001,2.7600000000000002,1
80,0.8,1.6,0
134,1.34,2.68,1
123,1.23,2.46,1
72,0.72,1.44,0
60,0.6,1.2,0
118,1.18,2.36,1
66,0.66,1.32,0
68,0.68,1.36,0
108,1.08,2.16,1
65,0.65,1.3,0
140,1.4000000000000001,2.8000000000000003,1
122,1.22,2.44,1
70,0.7000000000000001,1.4000000000000001,0
64,0.64,1.28,0
126,1.26,2.52,1
74,0.74,1.48,0
115,1.1500000000000001,2.3000000000000003,1
107,1.07,2.14,1
133,1.33,2.66,1
133,1.33,2.66,1
65,0.65,1.3,0
132,1.32,2.64,1
62,0.62,1.24,0
70,0.7000000000000001,1.4000000000000001,0
70,0.7000000000000001,1.4000000000000001,0
114,1.1400000000000001,2.2800000000000002,1
125,1.25,2.5,1
77,0.77,1.54,0
61,0.61,1.22,0
140,1.4000000000000001,2.8000000000000003,1
134,1.34,2.68,1
110,1.1,2.2,1
130,1.3,2.6,1
106,1.06,2.12,1
107,1.07,2.14,1
62,0.62,1.24,0
72,0.72,1.44,0
66,0.66,1.32,0
138,1.3800000000000001,2.7600000000000002,1
135,1.35,2.7,1
139,1.3900000000000001,2.7800000000000002,1
118,1.18,2.36,1
63,0.63,1.26,0
127,1.27,2.54,1
137,1.37,2.74,1
64,0.64,1.28,0
80,0.8,1.6,0
79,0.79,1.58,0
135,1.35,2.7,1
134,1.34,2.68,1
119,1.19,2.38,1
67,0.67,1.34,0
66,0.66,1.32,0
66,0.66,1.32,0
60,0.6,1.2,0
80,0.8,1.6,0
73,0.73,1.46,0
72,0.72,1.44,0
107,1.07,2.14,1
61,0.61,1.22,0
132,1.32,2.64,1
77,0.77,1.54,0
79,0.79,1.58,0
64,0.64,1.28,0
131,1.31,2.62,1
70,0.7000000000000001,1.4000000000000001,0
65,0.65,1.3,0
125,1.25,2.5,1
73,0.73,1.46,0
127,1.27,2.54,1
62,0.62,1.24,0
61,0.61,1.22,0
100,1.0,2.0,1
69,0.6900000000000001,1.3800000000000001,0
72,0.72,1.44,0
137,1.37,2.74,1
64,0.64,1.28,0
102,1.02,2.04,1
127,1.27,2.54,1
134,1.34,2.68,1
78,0.78,1.56,0
79,0.79,1.58,0
76,0.76,1.52,0
70,0.7000000000000001,1.4000000000000001,0
72,0.72,1.44,0
107,1.07,2.14,1
133,1.33,2.66,1
73,0.73,1.46,0
66,0.66,1.32,0
74,0.74,1.48,0
133,1.33,2.66,1
124,1.24,2.48,1
60,0.6,1.2,0
107,1.07,2.14,1
65,0.65,1.3,0
105,1.05,2.1,1
126,1.26,2.52,1
73,0.73,1.46,0
134,1.34,2.68,1
70,0.7000000000000001,1.4000000000000001,0
72,0.72,1.44,0
132,1.32,2.64,1
71,0.71,1.42,0
115,1.1500000000000001,2.3000000000000003,1
115,1.1500000000000001,2.3000000000000003,1
128,1.28,2.56,1
116,1.16,2.32,1
133,1.33,2.66,1
119,1.19,2.38,1
62,0.62,1.24,0
70,0.7000000000000001,1.4000000000000001,0
133,1.33,2.66,1
111,1.11,2.22,1
121,1.21,2.42,1
128,1.28,2.56,1
78,0.78,1.56,0
60,0.6,1.2,0
75,0.75,1.5,0
116,1.16,2.32,1
119,1.19,2.38,1
126,1.26,2.52,1
67,0.67,1.34,0
104,1.04,2.08,1
104,1.04,2.08,1
105,1.05,2.1,1
117,1.17,2.34,1
70,0.7000000000000001,1.4000000000000001,0
75,0.75,1.5,0
77,0.77,1.54,0
135,1.35,2.7,1
126,1.26,2.52,1
77,0.77,1.54,0
125,1.25,2.5,1
101,1.01,2.02,1
137,1.37,2.74,1
65,0.65,1.3,0
67,0.67,1.34,0
107,1.07,2.14,1
77,0.77,1.54,0
127,1.27,2.54,1
78,0.78,1.56,0
103,1.03,2.06,1
60,0.6,1.2,0
68,0.68,1.36,0
132,1.32,2.64,1
75,0.75,1.5,0
127,1.27,2.54,1
120,1.2,2.4,1
78,0.78,1.56,0
76,0.76,1.52,0
114,1.1400000000000001,2.2800000000000002,1
71,0.71,1.42,0
62,0.62,1.24,0
139,1.3900000000000001,2.7800000000000002,1
121,1.21,2.42,1
65,0.65,1.3,0
126,1.26,2.52,1
113,1.1300000000000001,2.2600000000000002,1
113,1.1300000000000001,2.2600000000000002,1
120,1.2,2.4,1
122,1.22,2.44,1
74,0.74,1.48,0
114,1.1400000000000001,2.2800000000000002,1
128,1.28,2.56,1
139,1.3900000000000001,2.7800000000000002,1
63,0.63,1.26,0
115,1.1500000000000001,2.3000000000000003,1
66,0.66,1.32,0
70,0.7000000000000001,1.4000000000000001,0
110,1.1,2.2,1
75,0.75,1.5,0
80,0.8,1.6,0
109,1.09,2.18,1
66,0.66,1.32,0
75,0.75,1.5,0
123,1.23,2.46,1
120,1.2,2.4,1
120,1.2,2.4,1
137,1.37,2.74,1
138,1.3800000000000001,2.7600000000000002,1
61,0.61,1.22,0
61,0.61,1.22,0
118,1.18,2.36,1
135,1.35,2.7,1
66,0.66,1.32,0
111,1.11,2.22,1
105,1.05,2.1,1
118,1.18,2.36,1
120,1.2,2.4,1
126,1.26,2.52,1
116,1.16,2.32,1
105,1.05,2.1,1
68,0.68,1.36,0
65,0.65,1.3,0
124,1.24,2.48,1
124,1.24,2.48,1
109,1.09,2.18,1
63,0.63,1.26,0
80,0.8,1.6,0
70,0.7000000000000001,1.4000000000000001,0
118,1.18,2.36,1
73,0.73,1.46,0
66,0.66,1.32,0
72,0.72,1.44,0
118,1.18,2.36,1
106,1.06,2.12,1
118,1.18,2.36,1
77,0.77,1.54,0
119,1.19,2.38,1
136,1.36,2.72,1
121,1.21,2.42,1
75,0.75,1.5,0
103,1.03,2.06,1
115,1.1500000000000001,2.3000000000000003,1
115,1.1500000000000001,2.3000000000000003,1
70,0.7000000000000001,1.4000000000000001,0
125,1.25,2.5,1
126,1.26,2.52,1
125,1.25,2.5,1
122,1.22,2.44,1
100,1.0,2.0,1
65,0.65,1.3,0
106,1.06,2.12,1
69,0.6900000000000001,1.3800000000000001,0
73,0.73,1.46,0
60,0.6,1.2,0
126,1.26,2.52,1
61,0.61,1.22,0
137,1.37,2.74,1
125,1.25,2.5,1
79,0.79,1.58,0
62,0.62,1.24,0
120,1.2,2.4,1
113,1.1300000000000001,2.2600000000000002,1
117,1.17,2.34,1
62,0.62,1.24,0
127,1.27,2.54,1
76,0.76,1.52,0
118,1.18,2.36,1
64,0.64,1.28,0
125,1.25,2.5,1
72,0.72,1.44,0
113,1.1300000000000001,2.2600000000000002,1
118,1.18,2.36,1
60,0.6,1.2,0
77,0.77,1.54,0
116,1.16,2.32,1
77,0.77,1.54,0
66,0.66,1.32,0
128,1.28,2.56,1
66,0.66,1.32,0
133,1.33,2.66,1
132,1.32,2.64,1
73,0.73,1.46,0
125,1.25,2.5,1
64,0.64,1.28,0
113,1.1300000000000001,2.2600000000000002,1
132,1.32,2.64,1
101,1.01,2.02,1
108,1.08,2.16,1
127,1.27,2.54,1
65,0.65,1.3,0
71,0.71,1.42,0
118,1.18,2.36,1
76,0.76,1.52,0
69,0.6900000000000001,1.3800000000000001,0
115,1.1500000000000001,2.3000000000000003,1
72,0.72,1.44,0
109,1.09,2.18,1
128,1.28,2.56,1
62,0.62,1.24,0
119,1.19,2.38,1
80,0.8,1.6,0
107,1.07,2.14,1
62,0.62,1.24,0
67,0.67,1.34,0
60,0.6,1.2,0
77,0.77,1.54,0
137,1.37,2.74,1
68,0.68,1.36,0
136,1.36,2.72,1
131,1.31,2.62,1
75,0.75,1.5,0
104,1.04,2.08,1
134,1.34,2.68,1
125,1.25,2.5,1
67,0.67,1.34,0
69,0.6900000000000001,1.3800000000000001,0
73,0.73,1.46,0
66,0.66,1.32,0
109,1.09,2.18,1
107,1.07,2.14,1
80,0.8,1.6,0
74,0.74,1.48,0
101,1.01,2.02,1
138,1.3800000000000001,2.7600000000000002,1
123,1.23,2.46,1
71,0.71,1.42,0
123,1.23,2.46,1
66,0.66,1.32,0
116,1.16,2.32,1
69,0.6900000000000001,1.3800000000000001,0
65,0.65,1.3,0
137,1.37,2.74,1
66,0.66,1.32,0
131,1.31,2.62,1
125,1.25,2.5,1
63,0.63,1.26,0
112,1.12,2.24,1
80,0.8,1.6,0
133,1.33,2.66,1
110,1.1,2.2,1
124,1.24,2.48,1
126,1.26,2.52,1
138,1.3800000000000001,2.7600000000000002,1
71,0.71,1.42,0
64,0.64,1.28,0
126,1.26,2.52,1
123,1.23,2.46,1
114,1.1400000000000001,2.2800000000000002,1
64,0.64,1.28,0
69,0.6900000000000001,1.3800000000000001,0
75,0.75,1.5,0
72,0.72,1.44,0
60,0.6,1.2,0
65,0.65,1.3,0
111,1.11,2.22,1
76,0.76,1.52,0
114,1.1400000000000001,2.2800000000000002,1
106,1.06,2.12,1
119,1.19,2.38,1
62,0.62,1.24,0
70,0.7000000000000001,1.4000000000000001,0
114,1.1400000000000001,2.2800000000000002,1
69,0.6900000000000001,1.3800000000000001,0
121,1.21,2.42,1
73,0.73,1.46,0
75,0.75,1.5,0
66,0.66,1.32,0
61,0.61,1.22,0
104,1.04,2.08,1
130,1.3,2.6,1
76,0.76,1.52,0
130,1.3,2.6,1
119,1.19,2.38,1
79,0.79,1.58,0
121,1.21,2.42,1
122,1.22,2.44,1
67,0.67,1.34,0
115,1.1500000000000001,2.3000000000000003,1
131,1.31,2.62,1
71,0.71,1.42,0
110,1.1,2.2,1
105,1.05,2.1,1
68,0.68,1.36,0
79,0.79,1.58,0
74,0.74,1.48,0
67,0.67,1.34,0
70,0.7000000000000001,1.4000000000000001,0
62,0.62,1.24,0
71,0.71,1.42,0
137,1.37,2.74,1
63,0.63,1.26,0
113,1.1300000000000001,2.2600000000000002,1
66,0.66,1.32,0
65,0.65,1.3,0
120,1.2,2.4,1
71,0.71,1.42,0
71,0.71,1.42,0
68,0.68,1.36,0
74,0.74,1.48,0
133,1.33,2.66,1
101,1.01,2.02,1
125,1.25,2.5,1
60,0.6,1.2,0
80,0.8,1.6,0
122,1.22,2.44,1
74,0.74,1.48,0
136,1.36,2.72,1
131,1.31,2.62,1
72,0.72,1.44,0
74,0.74,1.48,0
75,0.75,1.5,0
113,1.1300000000000001,2.2600000000000002,1
74,0.74,1.48,0
113,1.1300000000000001,2.2600000000000002,1
139,1.3900000000000001,2.7800000000000002,1
80,0.8,1.6,0
104,1.04,2.08,1
109,1.09,2.18,1
104,1.04,2.08,1
124,1.24,2.48,1
69,0.6900000000000001,1.3800000000000001,0
78,0.78,1.56,0
71,0.71,1.42,0
80,0.8,1.6,0
123,1.23,2.46,1
126,1.26,2.52,1
101,1.01,2.02,1
101,1.01,2.02,1
112,1.12,2.24,1
80,0.8,1.6,0
140,1.4000000000000001,2.8000000000000003,1
78,0.78,1.56,0
140,1.4000000000000001,2.8000000000000003,1
63,0.63,1.26,0
77,0.77,1.54,0
115,1.1500000000000001,2.3000000000000003,1
70,0.7000000000000001,1.4000000000000001,0
138,1.3800000000000001,2.7600000000000002,1
105,1.05,2.1,1
108,1.08,2.16,1
120,1.2,2.4,1
104,1.04,2.08,1
137,1.37,2.74,1
129,1.29,2.58,1
117,1.17,2.34,1
75,0.75,1.5,0
62,0.62,1.24,0
61,0.61,1.22,0
132,1.32,2.64,1
74,0.74,1.48,0
77,0.77,1.54,0
77,0.77,1.54,0
124,1.24,2.48,1
61,0.61,1.22,0
102,1.02,2.04,1
66,0.66,1.32,0
70,0.7000000000000001,1.4000000000000001,0
66,0.66,1.32,0
67,0.67,1.34,0
60,0.6,1.2,0
79,0.79,1.58,0
133,1.33,2.66,1
137,1.37,2.74,1
73,0.73,1.46,0
60,0.6,1.2,0
122,1.22,2.44,1
134,1.34,2.68,1
134,1.34,2.68,1
108,1.08,2.16,1
115,1.1500000000000001,2.3000000000000003,1
68,0.68,1.36,0
64,0.64,1.28,0
76,0.76,1.52,0
76,0.76,1.52,0
105,1.05,2.1,1
73,0.73,1.46,0
138,1.3800000000000001,2.7600000000000002,1
69,0.6900000000000001,1.3800000000000001,0
139,1.3900000000000001,2.7800000000000002,1
119,1.19,2.38,1
102,1.02,2.04,1
60,0.6,1.2,0
106,1.06,2.12,1
113,1.1300000000000001,2.2600000000000002,1
119,1.19,2.38,1
62,0.62,1.24,0
136,1.36,2.72,1
70,0.7000000000000001,1.4000000000000001,0
104,1.04,2.08,1
66,0.66,1.32,0
104,1.04,2.08,1
103,1.03,2.06,1
74,0.74,1.48,0
61,0.61,1.22,0
67,0.67,1.34,0
79,0.79,1.58,0
61,0.61,1.22,0
107,1.07,2.14,1
79,0.79,1.58,0
60,0.6,1.2,0
130,1.3,2.6,1
101,1.01,2.02,1
68,0.68,1.36,0
112,1.12,2.24,1
63,0.63,1.26,0
115,1.1500000000000001,2.3000000000000003,1
138,1.3800000000000001,2.7600000000000002,1
130,1.3,2.6,1
104,1.04,2.08,1
72,0.72,1.44,0
61,0.61,1.22,0
114,1.1400000000000001,2.2800000000000002,1
116,1.16,2.32,1
71,0.71,1.42,0
104,1.04,2.08,1
131,1.31,2.62,1
73,0.73,1.46,0
69,0.6900000000000001,1.3800000000000001,0
66,0.66,1.32,0
76,0.76,1.52,0
79,0.79,1.58,0
78,0.78,1.56,0
114,1.1400000000000001,2.2800000000000002,1
70,0.7000000000000001,1.4000000000000001,0
108,1.08,2.16,1
129,1.29,2.58,1
73,0.73,1.46,0
128,1.28,2.56,1
140,1.4000000000000001,2.8000000000000003,1
64,0.64,1.28,0
122,1.22,2.44,1
131,1.31,2.62,1
69,0.6900000000000001,1.3800000000000001,0
66,0.66,1.32,0
62,0.62,1.24,0
125,1.25,2.5,1
102,1.02,2.04,1
112,1.12,2.24,1
122,1.22,2.44,1
104,1.04,2.08,1
63,0.63,1.26,0
122,1.22,2.44,1
67,0.67,1.34,0
124,1.24,2.48,1
132,1.32,2.64,1
75,0.75,1.5,0
60,0.6,1.2,0
80,0.8,1.6,0
79,0.79,1.58,0
105,1.05,2.1,1
120,1.2,2.4,1
108,1.08,2.16,1
60,0.6,1.2,0
71,0.71,1.42,0
77,0.77,1.54,0
139,1.3900000000000001,2.7800000000000002,1
110,1.1,2.2,1
75,0.75,1.5,0
80,0.8,1.6,0
78,0.78,1.56,0
136,1.36,2.72,1
134,1.34,2.68,1
122,1.22,2.44,1
77,0.77,1.54,0
76,0.76,1.52,0
113,1.1300000000000001,2.2600000000000002,1
102,1.02,2.04,1
65,0.65,1.3,0
107,1.07,2.14,1
61,0.61,1.22,0
113,1.1300000000000001,2.2600000000000002,1
140,1.4000000000000001,2.8000000000000003,1
100,1.0,2.0,1
140,1.4000000000000001,2.8000000000000003,1
77,0.77,1.54,0
106,1.06,2.12,1
121,1.21,2.42,1
74,0.74,1.48,0
72,0.72,1.44,0
74,0.74,1.48,0
125,1.25,2.5,1
70,0.7000000000000001,1.4000000000000001,0
80,0.8,1.6,0
77,0.77,1.54,0
135,1.35,2.7,1
62,0.62,1.24,0
61,0.61,1.22,0
125,1.25,2.5,1
72,0.72,1.44,0
77,0.77,1.54,0
137,1.37,2.74,1
63,0.63,1.26,0
115,1.1500000000000001,2.3000000000000003,1
63,0.63,1.26,0
80,0.8,1.6,0
115,1.1500000000000001,2.3000000000000003,1
69,0.6900000000000001,1.3800000000000001,0
116,1.16,2.32,1
64,0.64,1.28,0
129,1.29,2.58,1
130,1.3,2.6,1
122,1.22,2.44,1
128,1.28,2.56,1
71,0.71,1.42,0
139,1.3900000000000001,2.7800000000000002,1
70,0.7000000000000001,1.4000000000000001,0
136,1.36,2.72,1
70,0.7000000000000001,1.4000000000000001,0
119,1.19,2.38,1
132,1.32,2.64,1
75,0.75,1.5,0
61,0.61,1.22,0
70,0.7000000000000001,1.4000000000000001,0
65,0.65,1.3,0
73,0.73,1.46,0
123,1.23,2.46,1
104,1.04,2.08,1
65,0.65,1.3,0
137,1.37,2.74,1
126,1.26,2.52,1
65,0.65,1.3,0
134,1.34,2.68,1
110,1.1,2.2,1
137,1.37,2.74,1
77,0.77,1.54,0
130,1.3,2.6,1
68,0.68,1.36,0
78,0.78,1.56,0
131,1.31,2.62,1
129,1.29,2.58,1
62,0.62,1.24,0
69,0.6900000000000001,1.3800000000000001,0
79,0.79,1.58,0
120,1.2,2.4,1
109,1.09,2.18,1
103,1.03,2.06,1
78,0.78,1.56,0
76,0.76,1.52,0
68,0.68,1.36,0
76,0.76,1.52,0
102,1.02,2.04,1
115,1.1500000000000001,2.3000000000000003,1
131,1.31,2.62,1
104,1.04,2.08,1
72,0.72,1.44,0
122,1.22,2.44,1
115,1.1500000000000001,2.3000000000000003,1
127,1.27,2.54,1
68,0.68,1.36,0
77,0.77,1.54,0
78,0.78,1.56,0
62,0.62,1.24,0
65,0.65,1.3,0
125,1.25,2.5,1
80,0.8,1.6,0
110,1.1,2.2,1
69,0.6900000000000001,1.3800000000000001,0
76,0.76,1.52,0
61,0.61,1.22,0
65,0.65,1.3,0
64,0.64,1.28,0
135,1.35,2.7,1
64,0.64,1.28,0
100,1.0,2.0,1
110,1.1,2.2,1
135,1.35,2.7,1
101,1.01,2.02,1
66,0.66,1.32,0
135,1.35,2.7,1
64,0.64,1.28,0
66,0.66,1.32,0
72,0.72,1.44,0
127,1.27,2.54,1
71,0.71,1.42,0
101,1.01,2.02,1
71,0.71,1.42,0
61,0.61,1.22,0
137,1.37,2.74,1
132,1.32,2.64,1
80,0.8,1.6,0
111,1.11,2.22,1
103,1.03,2.06,1
61,0.61,1.22,0
139,1.3900000000000001,2.7800000000000002,1
140,1.4000000000000001,2.8000000000000003,1
76,0.76,1.52,0
110,1.1,2.2,1
135,1.35,2.7,1
104,1.04,2.08,1
80,0.8,1.6,0
77,0.77,1.54,0
133,1.33,2.66,1
126,1.26,2.52,1
63,0.63,1.26,0
60,0.6,1.2,0
120,1.2,2.4,1
132,1.32,2.64,1
137,1.37,2.74,1
63,0.63,1.26,0
62,0.62,1.24,0
116,1.16,2.32,1
75,0.75,1.5,0
139,1.3900000000000001,2.7800000000000002,1
119,1.19,2.38,1
101,1.01,2.02,1
67,0.67,1.34,0
118,1.18,2.36,1
66,0.66,1.32,0
111,1.11,2.22,1
122,1.22,2.44,1
118,1.18,2.36,1
77,0.77,1.54,0
63,0.63,1.26,0
74,0.74,1.48,0
65,0.65,1.3,0
116,1.16,2.32,1
61,0.61,1.22,0
74,0.74,1.48,0
80,0.8,1.6,0
71,0.71,1.42,0
129,1.29,2.58,1
76,0.76,1.52,0
63,0.63,1.26,0
80,0.8,1.6,0
67,0.67,1.34,0
118,1.18,2.36,1
69,0.6900000000000001,1.3800000000000001,0
70,0.7000000000000001,1.4000000000000001,0
131,1.31,2.62,1
118,1.18,2.36,1
110,1.1,2.2,1
65,0.65,1.3,0
72,0.72,1.44,0
76,0.76,1.52,0
71,0.71,1.42,0
103,1.03,2.06,1
64,0.64,1.28,0
63,0.63,1.26,0
72,0.72,1.44,0
100,1.0,2.0,1
134,1.34,2.68,1
65,0.65,1.3,0
105,1.05,2.1,1
116,1.16,2.32,1
60,0.6,1.2,0
134,1.34,2.68,1
67,0.67,1.34,0
140,1.4000000000000001,2.8000000000000003,1
114,1.1400000000000001,2.2800000000000002,1
79,0.79,1.58,0
62,0.62,1.24,0
123,1.23,2.46,1
78,0.78,1.56,0
74,0.74,1.48,0
139,1.3900000000000001,2.7800000000000002,1
68,0.68,1.36,0
80,0.8,1.6,0
60,0.6,1.2,0
79,0.79,1.58,0
64,0.64,1.28,0
66,0.66,1.32,0
103,1.03,2.06,1
64,0.64,1.28,0
103,1.03,2.06,1
80,0.8,1.6,0
130,1.3,2.6,1
68,0.68,1.36,0
78,0.78,1.56,0
79,0.79,1.58,0
61,0.61,1.22,0
80,0.8,1.6,0
135,1.35,2.7,1
113,1.1300000000000001,2.2600000000000002,1
112,1.12,2.24,1
72,0.72,1.44,0
73,0.73,1.46,0
117,1.17,2.34,1
122,1.22,2.44,1
122,1.22,2.44,1
115,1.1500000000000001,2.3000000000000003,1
71,0.71,1.42,0
64,0.64,1.28,0
137,1.37,2.74,1
119,1.19,2.38,1
121,1.21,2.42,1
103,1.03,2.06,1
131,1.31,2.62,1
108,1.08,2.16,1
100,1.0,2.0,1
75,0.75,1.5,0
130,1.3,2.6,1
78,0.78,1.56,0
140,1.4000000000000001,2.8000000000000003,1
108,1.08,2.16,1
114,1.1400000000000001,2.2800000000000002,1
60,0.6,1.2,0
137,1.37,2.74,1
69,0.6900000000000001,1.3800000000000001,0
105,1.05,2.1,1
102,1.02,2.04,1
70,0.7000000000000001,1.4000000000000001,0
64,0.64,1.28,0
78,0.78,1.56,0
80,0.8,1.6,0
62,0.62,1.24,0
69,0.6900000000000001,1.3800000000000001,0
75,0.75,1.5,0
60,0.6,1.2,0
119,1.19,2.38,1
75,0.75,1.5,0
63,0.63,1.26,0
74,0.74,1.48,0
70,0.7000000000000001,1.4000000000000001,0
78,0.78,1.56,0
114,1.1400000000000001,2.2800000000000002,1
120,1.2,2.4,1
133,1.33,2.66,1
78,0.78,1.56,0
126,1.26,2.52,1
74,0.74,1.48,0
121,1.21,2.42,1
123,1.23,2.46,1
134,1.34,2.68,1
65,0.65,1.3,0
65,0.65,1.3,0
65,0.65,1.3,0
78,0.78,1.56,0
66,0.66,1.32,0
111,1.11,2.22,1
118,1.18,2.36,1
67,0.67,1.34,0
135,1.35,2.7,1
61,0.61,1.22,0
66,0.66,1.32,0
128,1.28,2.56,1
69,0.6900000000000001,1.3800000000000001,0
73,0.73,1.46,0
68,0.68,1.36,0
66,0.66,1.32,0
70,0.7000000000000001,1.4000000000000001,0
75,0.75,1.5,0
69,0.6900000000000001,1.3800000000000001,0
124,1.24,2.48,1
102,1.02,2.04,1
71,0.71,1.42,0
104,1.04,2.08,1
65,0.65,1.3,0
70,0.7000000000000001,1.4000000000000001,0
131,1.31,2.62,1
69,0.6900000000000001,1.3800000000000001,0
68,0.68,1.36,0
74,0.74,1.48,0
138,1.3800000000000001,2.7600000000000002,1
68,0.68,1.36,0
140,1.4000000000000001,2.8000000000000003,1
60,0.6,1.2,0
80,0.8,1.6,0
102,1.02,2.04,1
64,0.64,1.28,0
124,1.24,2.48,1
131,1.31,2.62,1
119,1.19,2.38,1
75,0.75,1.5,0
74,0.74,1.48,0
60,0.6,1.2,0
113,1.1300000000000001,2.2600000000000002,1
109,1.09,2.18,1
103,1.03,2.06,1
67,0.67,1.34,0
113,1.1300000000000001,2.2600000000000002,1
115,1.1500000000000001,2.3000000000000003,1
71,0.71,1.42,0
133,1.33,2.66,1
123,1.23,2.46,1
70,0.7000000000000001,1.4000000000000001,0
140,1.4000000000000001,2.8000000000000003,1
68,0.68,1.36,0
107,1.07,2.14,1
80,0.8,1.6,0
68,0.68,1.36,0
77,0.77,1.54,0
120,1.2,2.4,1
67,0.67,1.34,0
103,1.03,2.06,1
73,0.73,1.46,0
72,0.72,1.44,0
133,1.33,2.66,1
67,0.67,1.34,0
71,0.71,1.42,0
63,0.63,1.26,0
62,0.62,1.24,0
109,1.09,2.18,1
73,0.73,1.46,0
103,1.03,2.06,1
119,1.19,2.38,1
100,1.0,2.0,1
70,0.7000000000000001,1.4000000000000001,0
135,1.35,2.7,1
61,0.61,1.22,0
75,0.75,1.5,0
108,1.08,2.16,1
62,0.62,1.24,0
118,1.18,2.36,1
79,0.79,1.58,0
69,0.6900000000000001,1.3800000000000001,0
67,0.67,1.34,0
100,1.0,2.0,1
74,0.74,1.48,0
71,0.71,1.42,0
132,1.32,2.64,1
130,1.3,2.6,1
70,0.7000000000000001,1.4000000000000001,0
107,1.07,2.14,1
133,1.33,2.66,1
67,0.67,1.34,0
73,0.73,1.46,0
106,1.06,2.12,1
127,1.27,2.54,1
68,0.68,1.36,0
104,1.04,2.08,1
135,1.35,2.7,1
124,1.24,2.48,1
65,0.65,1.3,0
64,0.64,1.28,0
63,0.63,1.26,0
65,0.65,1.3,0
79,0.79,1.58,0
71,0.71,1.42,0
136,1.36,2.72,1
73,0.73,1.46,0
102,1.02,2.04,1
63,0.63,1.26,0
107,1.07,2.14,1
62,0.62,1.24,0
69,0.6900000000000001,1.3800000000000001,0
129,1.29,2.58,1
74,0.74,1.48,0
66,0.66,1.32,0
62,0.62,1.24,0
118,1.18,2.36,1
128,1.28,2.56,1
138,1.3800000000000001,2.7600000000000002,1
61,0.61,1.22,0
71,0.71,1.42,0
138,1.3800000000000001,2.7600000000000002,1
77,0.77,1.54,0
118,1.18,2.36,1
64,0.64,1.28,0
104,1.04,2.08,1
66,0.66,1.32,0
106,1.06,2.12,1
120,1.2,2.4,1
109,1.09,2.18,1
63,0.63,1.26,0
68,0.68,1.36,0
64,0.64,1.28,0
80,0.8,1.6,0
114,1.1400000000000001,2.2800000000000002,1
139,1.3900000000000001,2.7800000000000002,1
63,0.63,1.26,0
136,1.36,2.72,1
128,1.28,2.56,1
72,0.72,1.44,0
71,0.71,1.42,0
122,1.22,2.44,1
60,0.6,1.2,0
67,0.67,1.34,0
64,0.64,1.28,0
103,1.03,2.06,1
138,1.3800000000000001,2.7600000000000002,1
103,1.03,2.06,1
120,1.2,2.4,1
101,1.01,2.02,1
80,0.8,1.6,0
70,0.7000000000000001,1.4000000000000001,0
76,0.76,1.52,0
77,0.77,1.54,0
112,1.12,2.24,1
114,1.1400000000000001,2.2800000000000002,1
77,0.77,1.54,0
133,1.33,2.66,1
62,0.62,1.24,0
108,1.08,2.16,1
75,0.75,1.5,0
132,1.32,2.64,1
77,0.77,1.54,0
76,0.76,1.52,0
108,1.08,2.16,1
64,0.64,1.28,0
114,1.1400000000000001,2.2800000000000002,1
62,0.62,1.24,0
121,1.21,2.42,1
137,1.37,2.74,1
75,0.75,1.5,0
69,0.6900000000000001,1.3800000000000001,0
125,1.25,2.5,1
78,0.78,1.56,0
118,1.18,2.36,1
67,0.67,1.34,0
109,1.09,2.18,1
71,0.71,1.42,0
77,0.77,1.54,0
138,1.3800000000000001,2.7600000000000002,1
136,1.36,2.72,1
70,0.7000000000000001,1.4000000000000001,0
103,1.03,2.06,1
80,0.8,1.6,0
139,1.3900000000000001,2.7800000000000002,1
77,0.77,1.54,0
120,1.2,2.4,1
76,0.76,1.52,0
122,1.22,2.44,1
67,0.67,1.34,0
60,0.6,1.2,0
77,0.77,1.54,0
136,1.36,2.72,1
100,1.0,2.0,1
76,0.76,1.52,0
67,0.67,1.34,0
67,0.67,1.34,0
74,0.74,1.48,0
133,1.33,2.66,1
70,0.7000000000000001,1.4000000000000001,0
80,0.8,1.6,0
67,0.67,1.34,0
76,0.76,1.52,0
139,1.3900000000000001,2.7800000000000002,1
108,1.08,2.16,1
114,1.1400000000000001,2.2800000000000002,1
69,0.6900000000000001,1.3800000000000001,0
77,0.77,1.54,0
75,0.75,1.5,0
136,1.36,2.72,1
62,0.62,1.24,0
61,0.61,1.22,0
76,0.76,1.52,0
80,0.8,1.6,0
70,0.7000000000000001,1.4000000000000001,0
80,0.8,1.6,0
133,1.33,2.66,1
75,0.75,1.5,0
60,0.6,1.2,0
100,1.0,2.0,1
60,0.6,1.2,0
106,1.06,2.12,1
101,1.01,2.02,1
125,1.25,2.5,1
67,0.67,1.34,0
118,1.18,2.36,1
76,0.76,1.52,0
78,0.78,1.56,0
64,0.64,1.28,0
69,0.6900000000000001,1.3800000000000001,0
73,0.73,1.46,0
138,1.3800000000000001,2.7600000000000002,1
63,0.63,1.26,0
120,1.2,2.4,1
68,0.68,1.36,0
66,0.66,1.32,0
75,0.75,1.5,0
125,1.25,2.5,1
107,1.07,2.14,1
68,0.68,1.36,0
140,1.4000000000000001,2.8000000000000003,1
64,0.64,1.28,0
62,0.62,1.24,0
120,1.2,2.4,1
129,1.29,2.58,1
65,0.65,1.3,0
137,1.37,2.74,1
138,1.3800000000000001,2.7600000000000002,1
63,0.63,1.26,0
63,0.63,1.26,0
137,1.37,2.74,1
112,1.12,2.24,1
62,0.62,1.24,0
100,1.0,2.0,1
71,0.71,1.42,0
123,1.23,2.46,1
125,1.25,2.5,1
79,0.79,1.58,0
106,1.06,2.12,1
68,0.68,1.36,0
73,0.73,1.46,0
77,0.77,1.54,0
64,0.64,1.28,0
136,1.36,2.72,1
114,1.1400000000000001,2.2800000000000002,1
70,0.7000000000000001,1.4000000000000001,0
120,1.2,2.4,1
78,0.78,1.56,0
138,1.3800000000000001,2.7600000000000002,1
135,1.35,2.7,1
137,1.37,2.74,1
80,0.8,1.6,0
67,0.67,1.34,0
118,1.18,2.36,1
70,0.7000000000000001,1.4000000000000001,0
71,0.71,1.42,0
130,1.3,2.6,1
68,0.68,1.36,0
63,0.63,1.26,0
107,1.07,2.14,1
60,0.6,1.2,0
120,1.2,2.4,1
62,0.62,1.24,0
75,0.75,1.5,0
68,0.68,1.36,0
74,0.74,1.48,0
69,0.6900000000000001,1.3800000000000001,0
70,0.7000000000000001,1.4000000000000001,0
73,0.73,1.46,0
140,1.4000000000000001,2.8000000000000003,1
117,1.17,2.34,1
67,0.67,1.34,0
135,1.35,2.7,1
78,0.78,1.56,0
60,0.6,1.2,0
115,1.1500000000000001,2.3000000000000003,1
121,1.21,2.42,1
122,1.22,2.44,1
113,1.1300000000000001,2.2600000000000002,1
129,1.29,2.58,1
107,1.07,2.14,1
114,1.1400000000000001,2.2800000000000002,1
62,0.62,1.24,0
118,1.18,2.36,1
134,1.34,2.68,1
66,0.66,1.32,0
132,1.32,2.64,1
137,1.37,2.74,1
120,1.2,2.4,1
75,0.75,1.5,0
105,1.05,2.1,1
74,0.74,1.48,0
66,0.66,1.32,0
74,0.74,1.48,0
126,1.26,2.52,1
63,0.63,1.26,0
68,0.68,1.36,0
61,0.61,1.22,0
63,0.63,1.26,0
70,0.7000000000000001,1.4000000000000001,0
72,0.72,1.44,0
123,1.23,2.46,1
61,0.61,1.22,0
125,1.25,2.5,1
127,1.27,2.54,1
114,1.1400000000000001,2.2800000000000002,1
69,0.6900000000000001,1.3800000000000001,0
106,1.06,2.12,1
67,0.67,1.34,0
69,0.6900000000000001,1.3800000000000001,0
63,0.63,1.26,0
80,0.8,1.6,0
139,1.3900000000000001,2.7800000000000002,1
78,0.78,1.56,0
137,1.37,2.74,1
79,0.79,1.58,0
67,0.67,1.34,0
109,1.09,2.18,1
73,0.73,1.46,0
108,1.08,2.16,1
68,0.68,1.36,0
109,1.09,2.18,1
78,0.78,1.56,0
140,1.4000000000000001,2.8000000000000003,1
69,0.6900000000000001,1.3800000000000001,0
126,1.26,2.52,1
72,0.72,1.44,0
64,0.64,1.28,0
114,1.1400000000000001,2.2800000000000002,1
79,0.79,1.58,0
68,0.68,1.36,0
123,1.23,2.46,1
62,0.62,1.24,0
76,0.76,1.52,0
139,1.3900000000000001,2.7800000000000002,1
69,0.6900000000000001,1.3800000000000001,0
118,1.18,2.36,1
111,1.11,2.22,1
70,0.7000000000000001,1.4000000000000001,0
66,0.66,1.32,0
71,0.71,1.42,0
109,1.09,2.18,1
106,1.06,2.12,1
72,0.72,1.44,0
79,0.79,1.58,0
67,0.67,1.34,0
122,1.22,2.44,1
139,1.3900000000000001,2.7800000000000002,1
67,0.67,1.34,0
122,1.22,2.44,1
75,0.75,1.5,0
73,0.73,1.46,0
76,0.76,1.52,0
62,0.62,1.24,0
140,1.4000000000000001,2.8000000000000003,1
108,1.08,2.16,1
75,0.75,1.5,0
66,0.66,1.32,0
62,0.62,1.24,0
73,0.73,1.46,0
135,1.35,2.7,1
140,1.4000000000000001,2.8000000000000003,1
123,1.23,2.46,1
67,0.67,1.34,0
110,1.1,2.2,1
137,1.37,2.74,1
75,0.75,1.5,0
105,1.05,2.1,1
121,1.21,2.42,1
102,1.02,2.04,1
120,1.2,2.4,1
63,0.63,1.26,0
136,1.36,2.72,1
77,0.77,1.54,0
65,0.65,1.3,0
135,1.35,2.7,1
61,0.61,1.22,0
125,1.25,2.5,1
123,1.23,2.46,1
75,0.75,1.5,0
114,1.1400000000000001,2.2800000000000002,1
66,0.66,1.32,0
74,0.74,1.48,0
130,1.3,2.6,1
108,1.08,2.16,1
75,0.75,1.5,0
76,0.76,1.52,0
61,0.61,1.22,0
70,0.7000000000000001,1.4000000000000001,0
66,0.66,1.32,0
74,0.74,1.48,0
128,1.28,2.56,1
131,1.31,2.62,1
73,0.73,1.46,0
104,1.04,2.08,1
129,1.29,2.58,1
126,1.26,2.52,1
135,1.35,2.7,1
69,0.6900000000000001,1.3800000000000001,0
107,1.07,2.14,1
137,1.37,2.74,1
127,1.27,2.54,1
110,1.1,2.2,1
65,0.65,1.3,0
79,0.79,1.58,0
101,1.01,2.02,1
72,0.72,1.44,0
79,0.79,1.58,0
108,1.08,2.16,1
138,1.3800000000000001,2.7600000000000002,1
61,0.61,1.22,0
60,0.6,1.2,0
136,1.36,2.72,1
74,0.74,1.48,0
80,0.8,1.6,0
65,0.65,1.3,0
80,0.8,1.6,0
63,0.63,1.26,0
133,1.33,2.66,1
130,1.3,2.6,1
79,0.79,1.58,0
134,1.34,2.68,1
66,0.66,1.32,0
69,0.6900000000000001,1.3800000000000001,0
78,0.78,1.56,0
75,0.75,1.5,0
77,0.77,1.54,0
70,0.7000000000000001,1.4000000000000001,0
67,0.67,1.34,0
102,1.02,2.04,1
136,1.36,2.72,1
134,1.34,2.68,1
139,1.3900000000000001,2.7800000000000002,1
108,1.08,2.16,1
65,0.65,1.3,0
110,1.1,2.2,1
60,0.6,1.2,0
130,1.3,2.6,1
105,1.05,2.1,1
67,0.67,1.34,0
71,0.71,1.42,0
71,0.71,1.42,0
128,1.28,2.56,1
114,1.1400000000000001,2.2800000000000002,1
130,1.3,2.6,1
111,1.11,2.22,1
80,0.8,1.6,0
134,1.34,2.68,1
116,1.16,2.32,1
60,0.6,1.2,0
105,1.05,2.1,1
112,1.12,2.24,1
73,0.73,1.46,0
120,1.2,2.4,1
62,0.62,1.24,0
75,0.75,1.5,0
69,0.6900000000000001,1.3800000000000001,0
139,1.3900000000000001,2.7800000000000002,1
105,1.05,2.1,1
74,0.74,1.48,0
105,1.05,2.1,1
113,1.1300000000000001,2.2600000000000002,1
104,1.04,2.08,1
111,1.11,2.22,1
110,1.1,2.2,1
73,0.73,1.46,0
128,1.28,2.56,1
64,0.64,1.28,0
133,1.33,2.66,1
70,0.7000000000000001,1.4000000000000001,0
104,1.04,2.08,1
107,1.07,2.14,1
101,1.01,2.02,1
66,0.66,1.32,0
80,0.8,1.6,0
121,1.21,2.42,1
104,1.04,2.08,1
108,1.08,2.16,1
68,0.68,1.36,0
60,0.6,1.2,0
132,1.32,2.64,1
107,1.07,2.14,1
68,0.68,1.36,0
118,1.18,2.36,1
66,0.66,1.32,0
64,0.64,1.28,0
76,0.76,1.52,0
120,1.2,2.4,1
65,0.65,1.3,0
120,1.2,2.4,1
131,1.31,2.62,1
70,0.7000000000000001,1.4000000000000001,0
123,1.23,2.46,1
128,1.28,2.56,1
107,1.07,2.14,1
112,1.12,2.24,1
126,1.26,2.52,1
69,0.6900000000000001,1.3800000000000001,0
64,0.64,1.28,0
67,0.67,1.34,0
124,1.24,2.48,1
136,1.36,2.72,1
122,1.22,2.44,1
107,1.07,2.14,1
113,1.1300000000000001,2.2600000000000002,1
139,1.3900000000000001,2.7800000000000002,1
129,1.29,2.58,1
134,1.34,2.68,1
133,1.33,2.66,1
104,1.04,2.08,1
60,0.6,1.2,0
119,1.19,2.38,1
60,0.6,1.2,0
133,1.33,2.66,1
127,1.27,2.54,1
111,1.11,2.22,1
129,1.29,2.58,1
79,0.79,1.58,0
126,1.26,2.52,1
79,0.79,1.58,0
69,0.6900000000000001,1.3800000000000001,0
68,0.68,1.36,0
121,1.21,2.42,1
72,0.72,1.44,0
61,0.61,1.22,0
77,0.77,1.54,0
65,0.65,1.3,0
62,0.62,1.24,0
72,0.72,1.44,0
109,1.09,2.18,1
138,1.3800000000000001,2.7600000000000002,1
76,0.76,1.52,0
71,0.71,1.42,0
69,0.6900000000000001,1.3800000000000001,0
72,0.72,1.44,0
67,0.67,1.34,0
124,1.24,2.48,1
109,1.09,2.18,1
125,1.25,2.5,1
111,1.11,2.22,1
70,0.7000000000000001,1.4000000000000001,0
61,0.61,1.22,0
66,0.66,1.32,0
76,0.76,1.52,0
134,1.34,2.68,1
135,1.35,2.7,1
64,0.64,1.28,0
69,0.6900000000000001,1.3800000000000001,0
134,1.34,2.68,1
75,0.75,1.5,0
121,1.21,2.42,1
72,0.72,1.44,0
100,1.0,2.0,1
127,1.27,2.54,1
78,0.78,1.56,0
126,1.26,2.52,1
121,1.21,2.42,1
72,0.72,1.44,0
104,1.04,2.08,1
75,0.75,1.5,0
68,0.68,1.36,0
61,0.61,1.22,0
71,0.71,1.42,0
102,1.02,2.04,1
66,0.66,1.32,0
123,1.23,2.46,1
101,1.01,2.02,1
70,0.7000000000000001,1.4000000000000001,0
61,0.61,1.22,0
76,0.76,1.52,0
122,1.22,2.44,1
107,1.07,2.14,1
64,0.64,1.28,0
138,1.3800000000000001,2.7600000000000002,1
100,1.0,2.0,1
66,0.66,1.32,0
75,0.75,1.5,0
139,1.3900000000000001,2.7800000000000002,1
132,1.32,2.64,1
60,0.6,1.2,0
61,0.61,1.22,0
74,0.74,1.48,0
138,1.3800000000000001,2.7600000000000002,1
128,1.28,2.56,1
74,0.74,1.48,0
118,1.18,2.36,1
102,1.02,2.04,1
62,0.62,1.24,0
64,0.64,1.28,0
118,1.18,2.36,1
66,0.66,1.32,0
120,1.2,2.4,1
65,0.65,1.3,0
139,1.3900000000000001,2.7800000000000002,1
119,1.19,2.38,1
105,1.05,2.1,1
77,0.77,1.54,0
106,1.06,2.12,1
78,0.78,1.56,0
101,1.01,2.02,1
104,1.04,2.08,1
138,1.3800000000000001,2.7600000000000002,1
79,0.79,1.58,0
105,1.05,2.1,1
130,1.3,2.6,1
67,0.67,1.34,0
114,1.1400000000000001,2.2800000000000002,1
127,1.27,2.54,1
121,1.21,2.42,1
113,1.1300000000000001,2.2600000000000002,1
66,0.66,1.32,0
122,1.22,2.44,1
76,0.76,1.52,0
61,0.61,1.22,0
134,1.34,2.68,1
133,1.33,2.66,1
79,0.79,1.58,0
100,1.0,2.0,1
74,0.74,1.48,0
103,1.03,2.06,1
61,0.61,1.22,0
60,0.6,1.2,0
116,1.16,2.32,1
126,1.26,2.52,1
74,0.74,1.48,0
110,1.1,2.2,1
69,0.6900000000000001,1.3800000000000001,0
70,0.7000000000000001,1.4000000000000001,0
133,1.33,2.66,1
77,0.77,1.54,0
79,0.79,1.58,0
125,1.25,2.5,1
107,1.07,2.14,1
110,1.1,2.2,1
71,0.71,1.42,0
62,0.62,1.24,0
118,1.18,2.36,1
64,0.64,1.28,0
74,0.74,1.48,0
78,0.78,1.56,0
133,1.33,2.66,1
77,0.77,1.54,0
121,1.21,2.42,1
138,1.3800000000000001,2.7600000000000002,1
126,1.26,2.52,1
107,1.07,2.14,1
77,0.77,1.54,0
101,1.01,2.02,1
64,0.64,1.28,0
110,1.1,2.2,1
105,1.05,2.1,1
132,1.32,2.64,1
101,1.01,2.02,1
122,1.22,2.44,1
115,1.1500000000000001,2.3000000000000003,1
125,1.25,2.5,1
110,1.1,2.2,1
76,0.76,1.52,0
73,0.73,1.46,0
64,0.64,1.28,0
77,0.77,1.54,0
126,1.26,2.52,1
101,1.01,2.02,1
122,1.22,2.44,1
73,0.73,1.46,0
126,1.26,2.52,1
106,1.06,2.12,1
122,1.22,2.44,1
79,0.79,1.58,0
73,0.73,1.46,0
71,0.71,1.42,0
140,1.4000000000000001,2.8000000000000003,1
104,1.04,2.08,1
107,1.07,2.14,1
111,1.11,2.22,1
113,1.1300000000000001,2.2600000000000002,1
63,0.63,1.26,0
106,1.06,2.12,1
61,0.61,1.22,0
68,0.68,1.36,0
74,0.74,1.48,0
134,1.34,2.68,1
60,0.6,1.2,0
79,0.79,1.58,0
71,0.71,1.42,0
105,1.05,2.1,1
68,0.68,1.36,0
63,0.63,1.26,0
114,1.1400000000000001,2.2800000000000002,1
79,0.79,1.58,0
63,0.63,1.26,0
69,0.6900000000000001,1.3800000000000001,0
79,0.79,1.58,0
120,1.2,2.4,1
107,1.07,2.14,1
102,1.02,2.04,1
135,1.35,2.7,1
61,0.61,1.22,0
65,0.65,1.3,0
77,0.77,1.54,0
135,1.35,2.7,1
79,0.79,1.58,0
62,0.62,1.24,0
80,0.8,1.6,0
137,1.37,2.74,1
113,1.1300000000000001,2.2600000000000002,1
137,1.37,2.74,1
126,1.26,2.52,1
113,1.1300000000000001,2.2600000000000002,1
107,1.07,2.14,1
133,1.33,2.66,1
70,0.7000000000000001,1.4000000000000001,0
68,0.68,1.36,0
61,0.61,1.22,0
140,1.4000000000000001,2.8000000000000003,1
139,1.3900000000000001,2.7800000000000002,1
101,1.01,2.02,1
127,1.27,2.54,1
73,0.73,1.46,0
65,0.65,1.3,0
72,0.72,1.44,0
104,1.04,2.08,1
123,1.23,2.46,1
66,0.66,1.32,0
135,1.35,2.7,1
71,0.71,1.42,0
80,0.8,1.6,0
80,0.8,1.6,0
79,0.79,1.58,0
126,1.26,2.52,1
68,0.68,1.36,0
110,1.1,2.2,1
74,0.74,1.48,0
117,1.17,2.34,1
71,0.71,1.42,0
65,0.65,1.3,0
74,0.74,1.48,0
118,1.18,2.36,1
123,1.23,2.46,1
73,0.73,1.46,0
116,1.16,2.32,1
69,0.6900000000000001,1.3800000000000001,0
138,1.3800000000000001,2.7600000000000002,1
139,1.3900000000000001,2.7800000000000002,1
65,0.65,1.3,0
71,0.71,1.42,0
60,0.6,1.2,0
136,1.36,2.72,1
101,1.01,2.02,1
125,1.25,2.5,1
67,0.67,1.34,0
64,0.64,1.28,0
60,0.6,1.2,0
108,1.08,2.16,1
114,1.1400000000000001,2.2800000000000002,1
125,1.25,2.5,1
67,0.67,1.34,0
106,1.06,2.12,1
129,1.29,2.58,1
112,1.12,2.24,1
80,0.8,1.6,0
103,1.03,2.06,1
71,0.71,1.42,0
127,1.27,2.54,1
73,0.73,1.46,0
117,1.17,2.34,1
102,1.02,2.04,1
103,1.03,2.06,1
129,1.29,2.58,1
61,0.61,1.22,0
110,1.1,2.2,1
63,0.63,1.26,0
117,1.17,2.34,1
120,1.2,2.4,1
61,0.61,1.22,0
104,1.04,2.08,1
67,0.67,1.34,0
73,0.73,1.46,0
125,1.25,2.5,1
130,1.3,2.6,1
136,1.36,2.72,1
79,0.79,1.58,0
74,0.74,1.48,0
121,1.21,2.42,1
62,0.62,1.24,0
65,0.65,1.3,0
106,1.06,2.12,1
78,0.78,1.56,0
78,0.78,1.56,0
108,1.08,2.16,1
80,0.8,1.6,0
66,0.66,1.32,0
101,1.01,2.02,1
64,0.64,1.28,0
115,1.1500000000000001,2.3000000000000003,1
123,1.23,2.46,1
79,0.79,1.58,0
133,1.33,2.66,1
80,0.8,1.6,0
103,1.03,2.06,1
124,1.24,2.48,1
79,0.79,1.58,0
70,0.7000000000000001,1.4000000000000001,0
79,0.79,1.58,0
137,1.37,2.74,1
67,0.67,1.34,0
65,0.65,1.3,0
115,1.1500000000000001,2.3000000000000003,1
78,0.78,1.56,0
118,1.18,2.36,1
100,1.0,2.0,1
70,0.7000000000000001,1.4000000000000001,0
106,1.06,2.12,1
60,0.6,1.2,0
129,1.29,2.58,1
140,1.4000000000000001,2.8000000000000003,1
105,1.05,2.1,1
131,1.31,2.62,1
124,1.24,2.48,1
119,1.19,2.38,1
106,1.06,2.12,1
79,0.79,1.58,0
134,1.34,2.68,1
101,1.01,2.02,1
60,0.6,1.2,0
70,0.7000000000000001,1.4000000000000001,0
75,0.75,1.5,0
75,0.75,1.5,0
127,1.27,2.54,1
70,0.7000000000000001,1.4000000000000001,0
104,1.04,2.08,1
136,1.36,2.72,1
64,0.64,1.28,0
123,1.23,2.46,1
74,0.74,1.48,0
63,0.63,1.26,0
136,1.36,2.72,1
72,0.72,1.44,0
72,0.72,1.44,0
71,0.71,1.42,0
69,0.6900000000000001,1.3800000000000001,0
67,0.67,1.34,0
109,1.09,2.18,1
80,0.8,1.6,0
126,1.26,2.52,1
114,1.1400000000000001,2.2800000000000002,1
106,1.06,2.12,1
109,1.09,2.18,1
61,0.61,1.22,0
113,1.1300000000000001,2.2600000000000002,1
126,1.26,2.52,1
116,1.16,2.32,1
72,0.72,1.44,0
120,1.2,2.4,1
69,0.6900000000000001,1.3800000000000001,0
128,1.28,2.56,1
105,1.05,2.1,1
79,0.79,1.58,0
72,0.72,1.44,0
67,0.67,1.34,0
122,1.22,2.44,1
112,1.12,2.24,1
103,1.03,2.06,1
129,1.29,2.58,1
61,0.61,1.22,0
73,0.73,1.46,0
140,1.4000000000000001,2.8000000000000003,1
125,1.25,2.5,1
107,1.07,2.14,1
72,0.72,1.44,0
119,1.19,2.38,1
108,1.08,2.16,1
100,1.0,2.0,1
61,0.61,1.22,0
61,0.61,1.22,0
109,1.09,2.18,1
71,0.71,1.42,0
120,1.2,2.4,1
135,1.35,2.7,1
104,1.04,2.08,1
113,1.1300000000000001,2.2600000000000002,1
62,0.62,1.24,0
101,1.01,2.02,1
134,1.34,2.68,1
79,0.79,1.58,0
132,1.32,2.64,1
76,0.76,1.52,0
68,0.68,1.36,0
68,0.68,1.36,0
67,0.67,1.34,0
127,1.27,2.54,1
102,1.02,2.04,1
79,0.79,1.58,0
110,1.1,2.2,1
132,1.32,2.64,1
64,0.64,1.28,0
123,1.23,2.46,1
75,0.75,1.5,0
100,1.0,2.0,1
60,0.6,1.2,0
131,1.31,2.62,1
64,0.64,1.28,0
70,0.7000000000000001,1.4000000000000001,0
65,0.65,1.3,0
73,0.73,1.46,0
79,0.79,1.58,0
77,0.77,1.54,0
71,0.71,1.42,0
79,0.79,1.58,0
77,0.77,1.54,0
62,0.62,1.24,0
77,0.77,1.54,0
69,0.6900000000000001,1.3800000000000001,0
64,0.64,1.28,0
104,1.04,2.08,1
130,1.3,2.6,1
107,1.07,2.14,1
108,1.08,2.16,1
80,0.8,1.6,0
128,1.28,2.56,1
73,0.73,1.46,0
104,1.04,2.08,1
117,1.17,2.34,1
120,1.2,2.4,1
72,0.72,1.44,0
124,1.24,2.48,1
119,1.19,2.38,1
114,1.1400000000000001,2.2800000000000002,1
139,1.3900000000000001,2.7800000000000002,1
73,0.73,1.46,0
102,1.02,2.04,1
61,0.61,1.22,0
71,0.71,1.42,0
74,0.74,1.48,0
108,1.08,2.16,1
67,0.67,1.34,0
135,1.35,2.7,1
61,0.61,1.22,0
67,0.67,1.34,0
113,1.1300000000000001,2.2600000000000002,1
63,0.63,1.26,0
112,1.12,2.24,1
70,0.7000000000000001,1.4000000000000001,0
133,1.33,2.66,1
123,1.23,2.46,1
113,1.1300000000000001,2.2600000000000002,1
70,0.7000000000000001,1.4000000000000001,0
105,1.05,2.1,1
67,0.67,1.34,0
77,0.77,1.54,0
132,1.32,2.64,1
70,0.7000000000000001,1.4000000000000001,0
103,1.03,2.06,1
65,0.65,1.3,0
67,0.67,1.34,0
66,0.66,1.32,0
65,0.65,1.3,0
100,1.0,2.0,1
79,0.79,1.58,0
80,0.8,1.6,0
103,1.03,2.06,1
77,0.77,1.54,0
69,0.6900000000000001,1.3800000000000001,0
60,0.6,1.2,0
63,0.63,1.26,0
66,0.66,1.32,0
133,1.33,2.66,1
114,1.1400000000000001,2.2800000000000002,1
64,0.64,1.28,0
132,1.32,2.64,1
104,1.04,2.08,1
137,1.37,2.74,1
70,0.7000000000000001,1.4000000000000001,0
120,1.2,2.4,1
78,0.78,1.56,0
65,0.65,1.3,0
115,1.1500000000000001,2.3000000000000003,1
103,1.03,2.06,1
140,1.4000000000000001,2.8000000000000003,1
64,0.64,1.28,0
132,1.32,2.64,1
113,1.1300000000000001,2.2600000000000002,1
139,1.3900000000000001,2.7800000000000002,1
106,1.06,2.12,1
114,1.1400000000000001,2.2800000000000002,1
75,0.75,1.5,0
68,0.68,1.36,0
111,1.11,2.22,1
108,1.08,2.16,1
61,0.61,1.22,0
130,1.3,2.6,1
136,1.36,2.72,1
64,0.64,1.28,0
113,1.1300000000000001,2.2600000000000002,1
130,1.3,2.6,1
75,0.75,1.5,0
122,1.22,2.44,1
68,0.68,1.36,0
69,0.6900000000000001,1.3800000000000001,0
66,0.66,1.32,0
133,1.33,2.66,1
129,1.29,2.58,1
127,1.27,2.54,1
129,1.29,2.58,1
129,1.29,2.58,1
62,0.62,1.24,0
128,1.28,2.56,1
61,0.61,1.22,0
113,1.1300000000000001,2.2600000000000002,1
80,0.8,1.6,0
71,0.71,1.42,0
70,0.7000000000000001,1.4000000000000001,0
126,1.26,2.52,1
70,0.7000000000000001,1.4000000000000001,0
72,0.72,1.44,0
120,1.2,2.4,1
100,1.0,2.0,1
105,1.05,2.1,1
117,1.17,2.34,1
137,1.37,2.74,1
126,1.26,2.52,1
105,1.05,2.1,1
111,1.11,2.22,1
100,1.0,2.0,1
119,1.19,2.38,1
65,0.65,1.3,0
130,1.3,2.6,1
79,0.79,1.58,0
124,1.24,2.48,1
67,0.67,1.34,0
114,1.1400000000000001,2.2800000000000002,1
126,1.26,2.52,1
80,0.8,1.6,0
65,0.65,1.3,0
114,1.1400000000000001,2.2800000000000002,1
76,0.76,1.52,0
71,0.71,1.42,0
72,0.72,1.44,0
76,0.76,1.52,0
130,1.3,2.6,1
69,0.6900000000000001,1.3800000000000001,0
128,1.28,2.56,1
100,1.0,2.0,1
75,0.75,1.5,0
79,0.79,1.58,0
140,1.4000000000000001,2.8000000000000003,1
68,0.68,1.36,0
74,0.74,1.48,0
72,0.72,1.44,0
127,1.27,2.54,1
100,1.0,2.0,1
74,0.74,1.48,0
72,0.72,1.44,0
108,1.08,2.16,1
116,1.16,2.32,1
131,1.31,2.62,1
111,1.11,2.22,1
124,1.24,2.48,1
77,0.77,1.54,0
136,1.36,2.72,1
73,0.73,1.46,0
71,0.71,1.42,0
116,1.16,2.32,1
119,1.19,2.38,1
73,0.73,1.46,0
136,1.36,2.72,1
80,0.8,1.6,0
74,0.74,1.48,0
74,0.74,1.48,0
100,1.0,2.0,1
136,1.36,2.72,1
139,1.3900000000000001,2.7800000000000002,1
117,1.17,2.34,1
71,0.71,1.42,0
112,1.12,2.24,1
125,1.25,2.5,1
67,0.67,1.34,0
109,1.09,2.18,1
75,0.75,1.5,0
131,1.31,2.62,1
78,0.78,1.56,0
60,0.6,1.2,0
72,0.72,1.44,0
66,0.66,1.32,0
139,1.3900000000000001,2.7800000000000002,1
138,1.3800000000000001,2.7600000000000002,1
108,1.08,2.16,1
116,1.16,2.32,1
120,1.2,2.4,1
108,1.08,2.16,1
78,0.78,1.56,0
126,1.26,2.52,1
123,1.23,2.46,1
80,0.8,1.6,0
138,1.3800000000000001,2.7600000000000002,1
70,0.7000000000000001,1.4000000000000001,0
78,0.78,1.56,0
63,0.63,1.26,0
70,0.7000000000000001,1.4000000000000001,0
72,0.72,1.44,0
75,0.75,1.5,0
76,0.76,1.52,0
123,1.23,2.46,1
70,0.7000000000000001,1.4000000000000001,0
109,1.09,2.18,1
78,0.78,1.56,0
61,0.61,1.22,0
75,0.75,1.5,0
76,0.76,1.52,0
79,0.79,1.58,0
132,1.32,2.64,1
67,0.67,1.34,0
128,1.28,2.56,1
60,0.6,1.2,0
70,0.7000000000000001,1.4000000000000001,0
65,0.65,1.3,0
68,0.68,1.36,0
66,0.66,1.32,0
103,1.03,2.06,1
115,1.1500000000000001,2.3000000000000003,1
129,1.29,2.58,1
136,1.36,2.72,1
62,0.62,1.24,0
80,0.8,1.6,0
123,1.23,2.46,1
113,1.1300000000000001,2.2600000000000002,1
63,0.63,1.26,0
109,1.09,2.18,1
71,0.71,1.42,0
77,0.77,1.54,0
78,0.78,1.56,0
73,0.73,1.46,0
70,0.7000000000000001,1.4000000000000001,0
103,1.03,2.06,1
128,1.28,2.56,1
66,0.66,1.32,0
79,0.79,1.58,0
75,0.75,1.5,0
123,1.23,2.46,1
100,1.0,2.0,1
100,1.0,2.0,1
64,0.64,1.28,0
101,1.01,2.02,1
115,1.1500000000000001,2.3000000000000003,1
134,1.34,2.68,1
102,1.02,2.04,1
136,1.36,2.72,1
65,0.65,1.3,0
62,0.62,1.24,0
124,1.24,2.48,1
80,0.8,1.6,0
64,0.64,1.28,0
132,1.32,2.64,1
114,1.1400000000000001,2.2800000000000002,1
105,1.05,2.1,1
106,1.06,2.12,1
107,1.07,2.14,1
61,0.61,1.22,0
137,1.37,2.74,1
135,1.35,2.7,1
132,1.32,2.64,1
74,0.74,1.48,0
79,0.79,1.58,0
102,1.02,2.04,1
67,0.67,1.34,0
68,0.68,1.36,0
105,1.05,2.1,1
62,0.62,1.24,0
74,0.74,1.48,0
133,1.33,2.66,1
129,1.29,2.58,1
71,0.71,1.42,0
64,0.64,1.28,0
65,0.65,1.3,0
60,0.6,1.2,0
80,0.8,1.6,0
134,1.34,2.68,1
129,1.29,2.58,1
71,0.71,1.42,0
71,0.71,1.42,0
128,1.28,2.56,1
68,0.68,1.36,0
65,0.65,1.3,0
131,1.31,2.62,1
70,0.7000000000000001,1.4000000000000001,0
134,1.34,2.68,1
73,0.73,1.46,0
77,0.77,1.54,0
113,1.1300000000000001,2.2600000000000002,1
70,0.7000000000000001,1.4000000000000001,0
68,0.68,1.36,0
122,1.22,2.44,1
72,0.72,1.44,0
75,0.75,1.5,0
76,0.76,1.52,0
126,1.26,2.52,1
138,1.3800000000000001,2.7600000000000002,1
69,0.6900000000000001,1.3800000000000001,0
79,0.79,1.58,0
69,0.6900000000000001,1.3800000000000001,0
107,1.07,2.14,1
115,1.1500000000000001,2.3000000000000003,1
73,0.73,1.46,0
106,1.06,2.12,1
60,0.6,1.2,0
75,0.75,1.5,0
140,1.4000000000000001,2.8000000000000003,1
136,1.36,2.72,1
60,0.6,1.2,0
66,0.66,1.32,0
60,0.6,1.2,0
75,0.75,1.5,0
135,1.35,2.7,1
100,1.0,2.0,1
125,1.25,2.5,1
78,0.78,1.56,0
67,0.67,1.34,0
135,1.35,2.7,1
68,0.68,1.36,0
126,1.26,2.52,1
63,0.63,1.26,0
61,0.61,1.22,0
75,0.75,1.5,0
134,1.34,2.68,1
61,0.61,1.22,0
79,0.79,1.58,0
64,0.64,1.28,0
79,0.79,1.58,0
64,0.64,1.28,0
63,0.63,1.26,0
67,0.67,1.34,0
122,1.22,2.44,1
76,0.76,1.52,0
129,1.29,2.58,1
66,0.66,1.32,0
60,0.6,1.2,0
113,1.1300000000000001,2.2600000000000002,1
73,0.73,1.46,0
124,1.24,2.48,1
67,0.67,1.34,0
75,0.75,1.5,0
118,1.18,2.36,1
101,1.01,2.02,1
123,1.23,2.46,1
133,1.33,2.66,1
74,0.74,1.48,0
101,1.01,2.02,1
70,0.7000000000000001,1.4000000000000001,0
78,0.78,1.56,0
72,0.72,1.44,0
75,0.75,1.5,0
74,0.74,1.48,0
69,0.6900000000000001,1.3800000000000001,0
136,1.36,2.72,1
111,1.11,2.22,1
110,1.1,2.2,1
129,1.29,2.58,1
71,0.71,1.42,0
63,0.63,1.26,0
62,0.62,1.24,0
72,0.72,1.44,0
128,1.28,2.56,1
61,0.61,1.22,0
69,0.6900000000000001,1.3800000000000001,0
113,1.1300000000000001,2.2600000000000002,1
72,0.72,1.44,0
127,1.27,2.54,1
117,1.17,2.34,1
115,1.1500000000000001,2.3000000000000003,1
110,1.1,2.2,1
63,0.63,1.26,0
65,0.65,1.3,0
107,1.07,2.14,1
105,1.05,2.1,1
75,0.75,1.5,0
73,0.73,1.46,0
71,0.71,1.42,0
131,1.31,2.62,1
62,0.62,1.24,0
65,0.65,1.3,0
80,0.8,1.6,0
107,1.07,2.14,1
65,0.65,1.3,0
80,0.8,1.6,0
103,1.03,2.06,1
70,0.7000000000000001,1.4000000000000001,0
127,1.27,2.54,1
132,1.32,2.64,1
100,1.0,2.0,1
125,1.25,2.5,1
60,0.6,1.2,0
131,1.31,2.62,1
133,1.33,2.66,1
73,0.73,1.46,0
128,1.28,2.56,1
106,1.06,2.12,1
133,1.33,2.66,1
126,1.26,2.52,1
135,1.35,2.7,1
62,0.62,1.24,0
139,1.3900000000000001,2.7800000000000002,1
61,0.61,1.22,0
137,1.37,2.74,1
121,1.21,2.42,1
60,0.6,1.2,0
80,0.8,1.6,0
75,0.75,1.5,0
120,1.2,2.4,1
72,0.72,1.44,0
60,0.6,1.2,0
129,1.29,2.58,1
67,0.67,1.34,0
138,1.3800000000000001,2.7600000000000002,1
109,1.09,2.18,1
104,1.04,2.08,1
123,1.23,2.46,1
131,1.31,2.62,1
64,0.64,1.28,0
64,0.64,1.28,0
107,1.07,2.14,1
66,0.66,1.32,0
64,0.64,1.28,0
110,1.1,2.2,1
60,0.6,1.2,0
67,0.67,1.34,0
62,0.62,1.24,0
139,1.3900000000000001,2.7800000000000002,1
64,0.64,1.28,0
102,1.02,2.04,1
113,1.1300000000000001,2.2600000000000002,1
71,0.71,1.42,0
66,0.66,1.32,0
70,0.7000000000000001,1.4000000000000001,0
106,1.06,2.12,1
127,1.27,2.54,1
78,0.78,1.56,0
137,1.37,2.74,1
102,1.02,2.04,1
109,1.09,2.18,1
133,1.33,2.66,1
119,1.19,2.38,1
75,0.75,1.5,0
115,1.1500000000000001,2.3000000000000003,1
140,1.4000000000000001,2.8000000000000003,1
133,1.33,2.66,1
130,1.3,2.6,1
61,0.61,1.22,0
121,1.21,2.42,1
60,0.6,1.2,0
109,1.09,2.18,1
123,1.23,2.46,1
79,0.79,1.58,0
61,0.61,1.22,0
132,1.32,2.64,1
64,0.64,1.28,0
72,0.72,1.44,0
60,0.6,1.2,0
75,0.75,1.5,0
111,1.11,2.22,1
70,0.7000000000000001,1.4000000000000001,0
65,0.65,1.3,0
60,0.6,1.2,0
70,0.7000000000000001,1.4000000000000001,0
60,0.6,1.2,0
113,1.1300000000000001,2.2600000000000002,1
76,0.76,1.52,0
125,1.25,2.5,1
123,1.23,2.46,1
78,0.78,1.56,0
116,1.16,2.32,1
135,1.35,2.7,1
129,1.29,2.58,1
79,0.79,1.58,0
79,0.79,1.58,0
103,1.03,2.06,1
63,0.63,1.26,0
61,0.61,1.22,0
60,0.6,1.2,0
60,0.6,1.2,0
120,1.2,2.4,1
137,1.37,2.74,1
68,0.68,1.36,0
117,1.17,2.34,1
111,1.11,2.22,1
61,0.61,1.22,0
80,0.8,1.6,0
76,0.76,1.52,0
60,0.6,1.2,0
101,1.01,2.02,1
135,1.35,2.7,1
128,1.28,2.56,1
66,0.66,1.32,0
126,1.26,2.52,1
103,1.03,2.06,1
113,1.1300000000000001,2.2600000000000002,1
126,1.26,2.52,1
109,1.09,2.18,1
105,1.05,2.1,1
102,1.02,2.04,1
101,1.01,2.02,1
137,1.37,2.74,1
67,0.67,1.34,0
105,1.05,2.1,1
77,0.77,1.54,0
101,1.01,2.02,1
65,0.65,1.3,0
133,1.33,2.66,1
78,0.78,1.56,0
71,0.71,1.42,0
137,1.37,2.74,1
109,1.09,2.18,1
116,1.16,2.32,1
124,1.24,2.48,1
61,0.61,1.22,0
65,0.65,1.3,0
138,1.3800000000000001,2.7600000000000002,1
118,1.18,2.36,1
105,1.05,2.1,1
113,1.1300000000000001,2.2600000000000002,1
124,1.24,2.48,1
64,0.64,1.28,0
124,1.24,2.48,1
69,0.6900000000000001,1.3800000000000001,0
113,1.1300000000000001,2.2600000000000002,1
129,1.29,2.58,1
108,1.08,2.16,1
72,0.72,1.44,0
131,1.31,2.62,1
64,0.64,1.28,0
79,0.79,1.58,0
77,0.77,1.54,0
130,1.3,2.6,1
132,1.32,2.64,1
80,0.8,1.6,0
66,0.66,1.32,0
71,0.71,1.42,0
72,0.72,1.44,0
80,0.8,1.6,0
118,1.18,2.36,1
112,1.12,2.24,1
119,1.19,2.38,1
122,1.22,2.44,1
79,0.79,1.58,0
135,1.35,2.7,1
64,0.64,1.28,0
65,0.65,1.3,0
71,0.71,1.42,0
103,1.03,2.06,1
104,1.04,2.08,1
126,1.26,2.52,1
75,0.75,1.5,0
74,0.74,1.48,0
134,1.34,2.68,1
130,1.3,2.6,1
137,1.37,2.74,1
65,0.65,1.3,0
77,0.77,1.54,0
110,1.1,2.2,1
115,1.1500000000000001,2.3000000000000003,1
80,0.8,1.6,0
70,0.7000000000000001,1.4000000000000001,0
113,1.1300000000000001,2.2600000000000002,1
101,1.01,2.02,1
66,0.66,1.32,0
115,1.1500000000000001,2.3000000000000003,1
70,0.7000000000000001,1.4000000000000001,0
107,1.07,2.14,1
62,0.62,1.24,0
130,1.3,2.6,1
124,1.24,2.48,1
114,1.1400000000000001,2.2800000000000002,1
70,0.7000000000000001,1.4000000000000001,0
72,0.72,1.44,0
71,0.71,1.42,0
67,0.67,1.34,0
134,1.34,2.68,1
77,0.77,1.54,0
102,1.02,2.04,1
60,0.6,1.2,0
109,1.09,2.18,1
113,1.1300000000000001,2.2600000000000002,1
80,0.8,1.6,0
106,1.06,2.12,1
76,0.76,1.52,0
107,1.07,2.14,1
69,0.6900000000000001,1.3800000000000001,0
130,1.3,2.6,1
61,0.61,1.22,0
130,1.3,2.6,1
77,0.77,1.54,0
61,0.61,1.22,0
73,0.73,1.46,0
102,1.02,2.04,1
135,1.35,2.7,1
119,1.19,2.38,1
103,1.03,2.06,1
139,1.3900000000000001,2.7800000000000002,1
136,1.36,2.72,1
70,0.7000000000000001,1.4000000000000001,0
69,0.6900000000000001,1.3800000000000001,0
108,1.08,2.16,1
135,1.35,2.7,1
110,1.1,2.2,1
114,1.1400000000000001,2.2800000000000002,1
129,1.29,2.58,1
60,0.6,1.2,0
110,1.1,2.2,1
130,1.3,2.6,1
73,0.73,1.46,0
104,1.04,2.08,1
135,1.35,2.7,1
119,1.19,2.38,1
69,0.6900000000000001,1.3800000000000001,0
108,1.08,2.16,1
69,0.6900000000000001,1.3800000000000001,0
71,0.71,1.42,0
79,0.79,1.58,0
127,1.27,2.54,1
126,1.26,2.52,1
118,1.18,2.36,1
65,0.65,1.3,0
72,0.72,1.44,0
73,0.73,1.46,0
69,0.6900000000000001,1.3800000000000001,0
78,0.78,1.56,0
76,0.76,1.52,0
61,0.61,1.22,0
74,0.74,1.48,0
64,0.64,1.28,0
75,0.75,1.5,0
67,0.67,1.34,0
72,0.72,1.44,0
72,0.72,1.44,0
131,1.31,2.62,1
73,0.73,1.46,0
80,0.8,1.6,0
71,0.71,1.42,0
129,1.29,2.58,1
138,1.3800000000000001,2.7600000000000002,1
119,1.19,2.38,1
77,0.77,1.54,0
117,1.17,2.34,1
114,1.1400000000000001,2.2800000000000002,1
132,1.32,2.64,1
67,0.67,1.34,0
111,1.11,2.22,1
133,1.33,2.66,1
121,1.21,2.42,1
72,0.72,1.44,0
108,1.08,2.16,1
132,1.32,2.64,1
122,1.22,2.44,1
66,0.66,1.32,0
106,1.06,2.12,1
62,0.62,1.24,0
70,0.7000000000000001,1.4000000000000001,0
76,0.76,1.52,0
123,1.23,2.46,1
64,0.64,1.28,0
72,0.72,1.44,0
79,0.79,1.58,0
70,0.7000000000000001,1.4000000000000001,0
67,0.67,1.34,0
111,1.11,2.22,1
135,1.35,2.7,1
124,1.24,2.48,1
78,0.78,1.56,0
80,0.8,1.6,0
129,1.29,2.58,1
75,0.75,1.5,0
76,0.76,1.52,0
115,1.1500000000000001,2.3000000000000003,1
134,1.34,2.68,1
137,1.37,2.74,1
80,0.8,1.6,0
61,0.61,1.22,0
65,0.65,1.3,0
61,0.61,1.22,0
75,0.75,1.5,0
107,1.07,2.14,1
76,0.76,1.52,0
77,0.77,1.54,0
113,1.1300000000000001,2.2600000000000002,1
70,0.7000000000000001,1.4000000000000001,0
76,0.76,1.52,0
121,1.21,2.42,1
61,0.61,1.22,0
107,1.07,2.14,1
60,0.6,1.2,0
123,1.23,2.46,1
137,1.37,2.74,1
65,0.65,1.3,0
135,1.35,2.7,1
67,0.67,1.34,0
70,0.7000000000000001,1.4000000000000001,0
69,0.6900000000000001,1.3800000000000001,0
70,0.7000000000000001,1.4000000000000001,0
65,0.65,1.3,0
62,0.62,1.24,0
112,1.12,2.24,1
128,1.28,2.56,1
122,1.22,2.44,1
68,0.68,1.36,0
71,0.71,1.42,0
136,1.36,2.72,1
70,0.7000000000000001,1.4000000000000001,0
61,0.61,1.22,0
74,0.74,1.48,0
76,0.76,1.52,0
77,0.77,1.54,0
101,1.01,2.02,1
77,0.77,1.54,0
74,0.74,1.48,0
76,0.76,1.52,0
62,0.62,1.24,0
62,0.62,1.24,0
67,0.67,1.34,0
69,0.6900000000000001,1.3800000000000001,0
103,1.03,2.06,1
80,0.8,1.6,0
75,0.75,1.5,0
60,0.6,1.2,0
63,0.63,1.26,0
77,0.77,1.54,0
75,0.75,1.5,0
126,1.26,2.52,1
116,1.16,2.32,1
72,0.72,1.44,0
77,0.77,1.54,0
125,1.25,2.5,1
136,1.36,2.72,1
109,1.09,2.18,1
109,1.09,2.18,1
120,1.2,2.4,1
103,1.03,2.06,1
117,1.17,2.34,1
134,1.34,2.68,1
105,1.05,2.1,1
78,0.78,1.56,0
128,1.28,2.56,1
60,0.6,1.2,0
70,0.7000000000000001,1.4000000000000001,0
118,1.18,2.36,1
79,0.79,1.58,0
72,0.72,1.44,0
137,1.37,2.74,1
103,1.03,2.06,1
64,0.64,1.28,0
74,0.74,1.48,0
127,1.27,2.54,1
69,0.6900000000000001,1.3800000000000001,0
70,0.7000000000000001,1.4000000000000001,0
69,0.6900000000000001,1.3800000000000001,0
101,1.01,2.02,1
70,0.7000000000000001,1.4000000000000001,0
65,0.65,1.3,0
75,0.75,1.5,0
65,0.65,1.3,0
66,0.66,1.32,0
120,1.2,2.4,1
75,0.75,1.5,0
61,0.61,1.22,0
